period,pair,direction,entry_time,exit_time,exit_reason,initial_risk,fraction_via_tp,r_gross,cost_r,commission_r,r_net,spread_model,spread_entry,spread_exit,cost_r_live,r_net_live,cost_ratio_live_vs_model
train,USD_JPY,DOWN,2023-11-03 23:00:00,2023-11-03 23:05:00,SL_INITIAL_NO_TP,0.13803,0.0,-1.0,0.152141,0.0433,-1.195441,0.3,1.2999999999976808,0.899999999998613,0.26805766862249464,-1.3113576686224946,3.6666666666604897
train,USD_JPY,DOWN,2023-11-15 02:15:00,2023-11-15 03:25:00,SL_INITIAL_NO_TP,0.110857,0.0,1.550009,0.189433,0.054384,1.306192,0.3,0.20000000000095497,0.1999999999981128,0.17139197344318066,1.3242330265568194,0.666666666665113
train,USD_JPY,DOWN,2023-11-15 03:30:00,2023-11-15 04:40:00,SL_INITIAL_NO_TP,0.066969,0.0,1.639571,0.313576,0.089907,1.236088,0.3,0.1999999999981128,0.20000000000095497,0.2837133599126563,1.2659506400873437,0.666666666665113
train,USD_JPY,DOWN,2023-11-15 05:20:00,2023-11-15 05:45:00,SL_INITIAL_NO_TP,0.075287,0.0,1.380022,0.278934,0.079875,1.021213,0.3,6.19999999999834,6.299999999998818,1.8595507856598295,-0.5594037856598294,20.833333333328596
train,EUR_JPY,UP,2023-11-15 09:05:00,2023-11-15 12:00:00,SL_INITIAL_NO_TP,0.130163,0.0,0.819582,0.192067,0.050323,0.577192,0.5,0.8000000000009777,0.8000000000009777,0.23816291880196025,0.5310960811980397,1.6000000000019554
train,AUD_JPY,UP,2023-11-15 11:10:00,2023-11-15 12:05:00,SL_INITIAL_NO_TP,0.094669,0.0,1.569573,0.285203,0.041319,1.243051,0.6,0.8000000000009777,1.0000000000005116,0.34858295746247336,1.1796710425375267,1.5000000000012412
train,AUD_JPY,UP,2023-11-15 14:05:00,2023-11-15 14:25:00,SL_INITIAL_NO_TP,0.042454,0.0,0.276584,0.635977,0.092216,-0.451608,0.6,0.6999999999990791,0.9000000000000341,0.7302021010974498,-0.5458341010974498,1.3333333333325945
train,AUD_JPY,UP,2023-11-15 14:30:00,2023-11-15 14:55:00,SL_INITIAL_NO_TP,0.080308,0.0,0.544627,0.336206,0.048771,0.15965,0.6,0.9999999999990905,0.7999999999995566,0.41091796583138007,0.08493803416861989,1.4999999999988727
train,AUD_JPY,UP,2023-11-15 15:00:00,2023-11-15 15:35:00,SL_INITIAL_NO_TP,0.047659,0.0,0.586306,0.566519,0.082214,-0.062426,0.6,0.8000000000009777,0.7000000000005002,0.6294718730987805,-0.12537987309878051,1.2500000000012317
train,AUD_JPY,UP,2023-11-15 15:40:00,2023-11-15 16:00:00,SL_INITIAL_NO_TP,0.045157,0.0,-1.0,0.597909,0.086806,-1.684715,0.6,0.9000000000000341,1.100000000000989,0.775073631995266,-1.861879631995266,1.6666666666675194
train,EUR_JPY,UP,2023-11-15 17:10:00,2023-11-15 17:30:00,SL_INITIAL_NO_TP,0.173649,0.0,-1.0,0.143969,0.037758,-1.181727,0.5,1.2000000000000455,0.8000000000009777,0.20155601241590929,-1.2393140124159092,2.000000000001023
train,AUD_JPY,UP,2023-11-15 17:15:00,2023-11-15 17:30:00,SL_INITIAL_NO_TP,0.060204,0.0,0.277377,0.448471,0.065162,-0.236256,0.6,0.8000000000009777,0.9000000000000341,0.5315261444423978,-0.3193111444423978,1.4166666666675098
train,AUD_JPY,UP,2023-11-15 20:15:00,2023-11-15 21:05:00,SL_INITIAL_NO_TP,0.068626,0.0,0.757191,0.393434,0.057156,0.3066,0.6,0.7000000000005002,0.6999999999990791,0.4225803631276162,0.27745463687238375,1.1666666666663161
train,USD_JPY,DOWN,2023-11-15 22:05:00,2023-11-15 22:30:00,SL_INITIAL_NO_TP,0.097133,0.0,-1.0,0.216199,0.061911,-1.278109,0.3,0.20000000000095497,0.7999999999981355,0.25737905758074914,-1.3192900575807491,1.6666666666651508
train,AUD_JPY,UP,2023-11-15 22:10:00,2023-11-15 22:30:00,SL_INITIAL_NO_TP,0.066087,0.0,-1.0,0.408553,0.059403,-1.467956,0.6,0.9000000000000341,5.500000000000682,1.1953939503988251,-2.254796950398825,5.333333333333931
train,AUD_JPY,UP,2023-11-15 23:15:00,2023-11-16 01:10:00,SL_INITIAL_NO_TP,0.224224,0.0,1.347517,0.120415,0.017517,1.209585,0.6,0.9999999999990905,0.8000000000009777,0.1471742543171145,1.1828257456828857,1.5000000000000568
train,USD_JPY,UP,2023-11-15 23:45:00,2023-11-16 00:15:00,SL_INITIAL_NO_TP,0.168221,0.0,0.538029,0.124836,0.035918,0.377275,0.3,0.1999999999981128,0.39999999999906777,0.1248357815015474,0.3772752184984526,0.999999999995301
train,EUR_JPY,UP,2023-11-16 00:05:00,2023-11-16 03:30:00,SL_INITIAL_NO_TP,0.193131,0.0,0.773216,0.129446,0.033949,0.609821,0.5,0.9999999999990905,0.8000000000009777,0.17086847787253565,0.5683985221274643,1.8000000000000682
train,AUD_JPY,UP,2023-11-16 01:25:00,2023-11-16 07:25:00,SL_INITIAL_NO_TP,0.108481,0.0,0.0,0.248891,0.036322,-0.285213,0.6,0.8000000000009777,12.599999999999056,1.3735124123118367,-1.4098344123118367,11.166666666666696
train,USD_JPY,UP,2023-11-16 03:10:00,2023-11-16 04:25:00,SL_INITIAL_NO_TP,0.068103,0.0,2.289017,0.308357,0.088814,1.891845,0.3,0.20000000000095497,0.1999999999981128,0.27898917815647883,1.9212138218435213,0.666666666665113
train,EUR_JPY,UP,2023-11-16 03:40:00,2023-11-16 04:05:00,SL_INITIAL_NO_TP,0.045258,0.0,1.486538,0.552391,0.145032,0.789115,0.5,0.8000000000009777,0.8000000000009777,0.6849617747142948,0.6565442252857052,1.6000000000019554
train,USD_JPY,UP,2023-11-16 05:05:00,2023-11-16 05:10:00,SL_INITIAL_NO_TP,0.027822,0.0,-1.0,0.754804,0.217658,-1.972462,0.3,6.19999999999834,6.19999999999834,4.996046294298282,-6.2137042942982825,20.666666666661136
train,EUR_JPY,UP,2023-11-16 05:20:00,2023-11-16 07:05:00,SL_INITIAL_NO_TP,0.052898,0.0,0.852088,0.47261,0.124165,0.255313,0.5,7.099999999999795,13.79999999999768,4.234564633823108,-3.5066416338231083,20.899999999997476
train,USD_JPY,UP,2023-11-16 06:15:00,2023-11-16 07:00:00,SL_INITIAL_NO_TP,0.038525,0.0,-1.0,0.545104,0.157212,-1.702316,0.3,6.200000000001182,7.699999999999818,3.9974042829334206,-5.154616282933421,23.166666666668334
train,EUR_JPY,UP,2023-11-16 17:05:00,2023-11-16 17:40:00,SL_INITIAL_NO_TP,0.103878,0.0,0.815336,0.240668,0.063218,0.51145,0.5,0.8000000000009777,0.8000000000009777,0.29842700090509594,0.45369099909490407,1.6000000000019554
train,GBP_JPY,DOWN,2023-11-17 17:40:00,2023-11-17 18:05:00,SL_INITIAL_NO_TP,0.223903,0.0,1.825036,0.129521,0.033224,1.662291,0.7,0.9000000000014552,1.6000000000019554,0.17864878987791188,1.6131632101220883,1.785714285716722
train,GBP_JPY,DOWN,2023-11-17 18:10:00,2023-11-17 18:45:00,SL_INITIAL_NO_TP,0.278007,0.0,-1.0,0.104314,0.026682,-1.130996,0.7,2.0999999999986585,0.9000000000014552,0.16186642782376393,-1.188548427823764,2.142857142857224
train,USD_JPY,DOWN,2023-11-17 18:55:00,2023-11-17 19:25:00,SL_INITIAL_NO_TP,0.140991,0.0,1.417528,0.148945,0.042447,1.226135,0.3,0.49999999999954525,0.49999999999954525,0.17731628259953403,1.197764717400466,1.6666666666651508
train,USD_JPY,DOWN,2023-11-17 19:40:00,2023-11-17 20:35:00,SL_INITIAL_NO_TP,0.265936,0.0,-1.0,0.078966,0.02245,-1.101416,0.3,0.39999999999906777,0.39999999999906777,0.08648697430953821,-1.1089369743095383,1.333333333330226
train,USD_JPY,DOWN,2023-11-17 21:10:00,2023-11-17 21:55:00,SL_INITIAL_NO_TP,0.123085,0.0,1.304153,0.170614,0.048569,1.08497,0.3,0.09999999999763531,0.40000000000190994,0.16248933663724624,1.0930946633627536,0.8333333333325754
train,USD_JPY,DOWN,2023-11-17 22:10:00,2023-11-17 22:30:00,SL_INITIAL_NO_TP,0.225349,0.0,-1.0,0.093189,0.026487,-1.119676,0.3,0.20000000000095497,0.49999999999954525,0.09762634846396036,-1.1241133484639603,1.1666666666675005
train,EUR_JPY,DOWN,2023-12-08 05:05:00,2023-12-08 05:30:00,SL_INITIAL_NO_TP,0.14668,0.0,-1.0,0.170439,0.042265,-1.212703,0.5,9.999999999999432,10.099999999999909,1.4725934005999006,-2.5148584005999006,20.09999999999934
train,AUD_JPY,DOWN,2023-12-08 05:05:00,2023-12-08 05:25:00,SL_INITIAL_NO_TP,0.089209,0.0,-1.0,0.302661,0.042487,-1.345148,0.6,4.699999999999704,4.599999999999227,1.210640182044293,-2.253127182044293,7.74999999999911
train,EUR_JPY,UP,2023-12-11 19:05:00,2023-12-11 19:25:00,SL_INITIAL_NO_TP,0.157032,0.0,0.508718,0.159203,0.040098,0.309417,0.5,0.8000000000009777,0.8000000000009777,0.19741199246026003,0.27120800753973995,1.6000000000019554
train,EUR_JPY,UP,2023-12-11 19:35:00,2023-12-11 20:50:00,SL_INITIAL_NO_TP,0.187901,0.0,-1.0,0.133049,0.03354,-1.166589,0.5,0.8000000000009777,0.8000000000009777,0.16498049504802823,-1.1985204950480282,1.6000000000019554
train,GBP_JPY,UP,2023-12-11 20:05:00,2023-12-11 20:30:00,SL_INITIAL_NO_TP,0.151015,0.0,0.206094,0.192034,0.048706,-0.034647,0.7,1.0000000000019327,0.9000000000014552,0.22514319769581748,-0.06775519769581748,1.357142857145277
train,USD_JPY,UP,2023-12-11 21:05:00,2023-12-11 21:40:00,SL_INITIAL_NO_TP,0.156252,0.0,0.946728,0.134399,0.037442,0.774888,0.3,0.30000000000143245,0.49999999999954525,0.1471981158641795,0.7620878841358205,1.3333333333349628
train,EUR_JPY,UP,2023-12-11 21:05:00,2023-12-11 21:35:00,SL_INITIAL_NO_TP,0.166323,0.0,0.726454,0.15031,0.037877,0.538267,0.5,0.7999999999981355,0.8000000000009777,0.18638432447701841,0.5021926755229816,1.5999999999991132
train,GBP_JPY,UP,2023-12-11 21:30:00,2023-12-11 22:00:00,SL_INITIAL_NO_TP,0.139027,0.0,-1.0,0.208592,0.052998,-1.26159,0.7,1.9000000000005457,0.9999999999990905,0.3164852870305506,-1.3694832870305507,2.071428571428312
train,USD_JPY,UP,2023-12-11 21:45:00,2023-12-11 22:00:00,SL_INITIAL_NO_TP,0.079419,0.0,0.409964,0.264419,0.073716,0.071829,0.3,0.20000000000095497,0.20000000000095497,0.2392374620685113,0.0970105379314887,0.66666666666985
train,EUR_JPY,UP,2023-12-11 21:45:00,2023-12-11 22:10:00,SL_INITIAL_NO_TP,0.082056,0.0,0.826528,0.304669,0.076764,0.445096,0.5,0.7999999999981355,0.8000000000009777,0.3777907770302127,0.37197322296978735,1.5999999999991132
train,USD_JPY,UP,2023-12-11 22:05:00,2023-12-11 22:30:00,SL_INITIAL_NO_TP,0.142801,0.0,-1.0,0.147058,0.041022,-1.18808,0.3,0.20000000000095497,0.20000000000095497,0.1330522895499268,-1.1740742895499268,0.66666666666985
train,USD_JPY,UP,2023-12-12 00:15:00,2023-12-12 01:45:00,SL_INITIAL_NO_TP,0.252149,0.0,0.435115,0.083284,0.023214,0.328617,0.3,0.20000000000095497,0.30000000000143245,0.07931818091693353,0.3325828190830664,0.8333333333373124
train,EUR_JPY,UP,2023-12-19 15:10:00,2023-12-19 15:35:00,SL_INITIAL_NO_TP,0.119094,0.0,1.08531,0.209919,0.052663,0.822728,0.5,0.899999999998613,0.7999999999981355,0.2686953163044946,0.7639516836955054,1.6999999999967486
train,USD_JPY,UP,2023-12-19 16:05:00,2023-12-19 18:05:00,SL_INITIAL_NO_TP,0.408766,0.0,1.640013,0.051374,0.01408,1.57456,0.3,1.5999999999991132,0.6000000000000227,0.09051633452878018,1.5354166654712196,3.666666666665227
train,EUR_JPY,UP,2023-12-19 16:05:00,2023-12-19 18:20:00,SL_INITIAL_NO_TP,0.437665,0.0,2.321247,0.057121,0.014371,2.249755,0.5,3.6999999999977717,0.899999999998613,0.13937600676308098,2.1674999932369188,4.599999999996385
train,AUD_JPY,UP,2023-12-19 16:05:00,2023-12-19 18:05:00,SL_INITIAL_NO_TP,0.252896,0.0,2.492027,0.106763,0.01528,2.369984,0.6,2.1000000000000796,1.2999999999991019,0.19375553587242111,2.282991464127579,2.8333333333326514
train,AUD_JPY,UP,2023-12-19 18:10:00,2023-12-19 19:55:00,SL_INITIAL_NO_TP,0.132064,0.0,1.657374,0.204447,0.029475,1.423452,0.6,1.099999999999568,1.100000000000989,0.2801671916646897,1.3477318083353103,1.8333333333337976
train,USD_JPY,UP,2023-12-19 18:15:00,2023-12-19 18:25:00,SL_INITIAL_NO_TP,0.108606,0.0,-1.0,0.19336,0.053252,-1.246612,0.3,0.1999999999981128,0.1999999999981128,0.174944294053388,-1.2281962940533881,0.666666666660376
train,USD_JPY,UP,2023-12-19 19:05:00,2023-12-19 19:55:00,SL_INITIAL_NO_TP,0.083274,0.0,4.115728,0.252179,0.069414,3.794135,0.3,0.49999999999954525,0.20000000000095497,0.2641881019286332,3.7821258980713663,1.1666666666675005
train,EUR_JPY,UP,2023-12-19 19:05:00,2023-12-19 19:55:00,SL_INITIAL_NO_TP,0.146811,0.0,2.41974,0.170287,0.04308,2.206373,0.5,0.7999999999981355,0.8000000000009777,0.2111558398212064,2.1655041601787937,1.5999999999991132
train,USD_JPY,UP,2023-12-19 20:05:00,2023-12-19 20:15:00,SL_INITIAL_NO_TP,0.07963,0.0,-1.0,0.263719,0.072743,-1.336462,0.3,0.1999999999981128,0.2999999999985903,0.2511616225036673,-1.3239046225036672,0.8333333333278385
train,EUR_JPY,UP,2023-12-19 20:05:00,2023-12-19 20:15:00,SL_INITIAL_NO_TP,0.088175,0.0,-1.0,0.283527,0.071853,-1.355379,0.5,0.8000000000009777,0.8000000000009777,0.35157357527666067,-1.4234265752766606,1.6000000000019554
train,GBP_JPY,DOWN,2023-12-20 17:50:00,2023-12-20 18:25:00,SL_INITIAL_NO_TP,0.145181,0.0,1.63078,0.199751,0.050089,1.38094,0.7,1.4000000000010004,1.2000000000000455,0.2824060999718314,1.2982849000281684,1.8571428571436044
train,GBP_JPY,DOWN,2023-12-20 18:45:00,2023-12-20 20:05:00,SL_INITIAL_NO_TP,0.104778,0.0,2.875363,0.276777,0.069396,2.52919,0.7,0.9999999999990905,0.9000000000014552,0.3244956002214726,2.4814713997785276,1.3571428571432471
train,GBP_JPY,DOWN,2023-12-20 21:05:00,2023-12-20 21:10:00,SL_INITIAL_NO_TP,0.055277,0.0,-1.0,0.524627,0.13136,-1.655987,0.7,2.000000000001023,0.9999999999990905,0.8140818061761879,-1.9454418061761878,2.142857142857224
train,GBP_JPY,DOWN,2023-12-21 08:05:00,2023-12-21 10:55:00,SL_INITIAL_NO_TP,0.239082,0.0,1.790324,0.121297,0.030325,1.638702,0.7,0.9000000000014552,1.6000000000019554,0.16730661446714562,1.5926923855328545,1.785714285716722
train,GBP_JPY,DOWN,2023-12-21 11:05:00,2023-12-21 16:05:00,SL_INITIAL_NO_TP,0.304587,0.0,-1.0,0.095211,0.023718,-1.118929,0.7,1.4000000000010004,0.899999999998613,0.12475910002723732,-1.1484771000272371,1.6428571428568668
train,GBP_JPY,DOWN,2023-12-21 22:05:00,2023-12-21 22:30:00,SL_INITIAL_NO_TP,0.157764,0.0,-1.0,0.183819,0.045799,-1.229618,0.7,1.099999999999568,4.900000000000659,0.4753936259222781,-1.5211926259222779,4.285714285714448
train,GBP_JPY,DOWN,2023-12-21 23:05:00,2023-12-21 23:10:00,SL_INITIAL_NO_TP,0.093549,0.0,-1.0,0.309997,0.077153,-1.38715,0.7,1.3999999999981583,1.8000000000000682,0.5024105014482493,-1.5795635014482494,2.285714285713019
train,GBP_JPY,DOWN,2023-12-22 00:15:00,2023-12-22 01:20:00,SL_INITIAL_NO_TP,0.243858,0.0,1.277322,0.118922,0.02956,1.12884,0.7,1.099999999999568,0.9000000000014552,0.1435261504646566,1.1042358495353435,1.4285714285721596
train,USD_JPY,UP,2024-01-11 23:45:00,2024-01-12 00:30:00,SL_INITIAL_NO_TP,0.292236,0.0,-1.0,0.07186,0.019987,-1.091847,0.3,0.20000000000095497,0.40000000000190994,0.07185972980751396,-1.0918467298075138,1.0000000000047748
train,EUR_JPY,DOWN,2024-02-12 18:45:00,2024-02-12 20:55:00,SL_INITIAL_NO_TP,0.103866,0.0,1.059023,0.240695,0.061854,0.756475,0.5,0.30000000000143245,0.2999999999985903,0.2021835826930875,0.7949854173069125,0.6000000000000227
train,EUR_JPY,DOWN,2024-02-12 21:00:00,2024-02-12 22:10:00,SL_INITIAL_NO_TP,0.08705,0.0,-1.0,0.287193,0.073733,-1.360925,0.5,0.2999999999985903,0.30000000000143245,0.24124066628374757,-1.3149736662837477,0.6000000000000227
train,GBP_JPY,UP,2024-02-13 17:45:00,2024-02-13 18:40:00,SL_INITIAL_NO_TP,0.063039,0.0,2.537096,0.460032,0.11997,1.957094,0.7,0.40000000000190994,0.6000000000000227,0.3965798949859504,2.02054610501405,0.7142857142870949
train,GBP_JPY,UP,2024-02-13 19:10:00,2024-02-13 19:30:00,SL_INITIAL_NO_TP,0.061678,0.0,0.976113,0.470185,0.122778,0.38315,0.7,0.7000000000005002,0.7000000000005002,0.4701838581019165,0.3831511418980836,1.0000000000007148
train,GBP_JPY,UP,2024-02-13 19:55:00,2024-02-13 20:35:00,SL_INITIAL_NO_TP,0.131394,0.0,-1.0,0.220711,0.057666,-1.278377,0.7,0.49999999999954525,0.49999999999954525,0.19026743991347322,-1.2479334399134732,0.7142857142850647
train,GBP_JPY,UP,2024-02-13 22:10:00,2024-02-13 22:25:00,SL_INITIAL_NO_TP,0.084656,0.0,-1.0,0.342561,0.089471,-1.432032,0.7,0.6000000000000227,0.8000000000009777,0.34256284256296077,-1.4320338425629608,1.0000000000007148
train,GBP_JPY,UP,2024-02-13 23:05:00,2024-02-14 01:05:00,SL_INITIAL_NO_TP,0.211072,0.0,1.123875,0.137394,0.035904,0.950577,0.7,0.7000000000005002,0.8000000000009777,0.14213159490607366,0.9458394050939263,1.0714285714296272
train,USD_JPY,UP,2024-02-14 00:40:00,2024-02-14 01:55:00,SL_INITIAL_NO_TP,0.174231,0.0,1.158032,0.120529,0.034555,1.002948,0.3,0.20000000000095497,0.1999999999981128,0.10905062818895993,1.01442637181104,0.666666666665113
train,GBP_JPY,UP,2024-02-14 01:20:00,2024-02-14 01:45:00,SL_INITIAL_NO_TP,0.182309,0.0,0.661379,0.159071,0.041645,0.460663,0.7,0.6000000000000227,0.49999999999954525,0.14261501077838,0.47711898922162005,0.7857142857139772
train,GBP_JPY,UP,2024-02-14 01:55:00,2024-02-14 04:00:00,SL_INITIAL_NO_TP,0.164558,0.0,-1.0,0.176229,0.046176,-1.222406,0.7,0.8000000000009777,0.39999999999906777,0.16407588813670834,-1.2102518881367084,0.8571428571428896
train,USD_JPY,UP,2024-02-14 02:10:00,2024-02-14 04:15:00,SL_INITIAL_NO_TP,0.087606,0.0,0.759222,0.239709,0.068832,0.450681,0.3,0.20000000000095497,0.20000000000095497,0.216880122366266,0.473509877633734,0.66666666666985
train,USD_JPY,UP,2024-02-14 04:25:00,2024-02-14 05:15:00,SL_INITIAL_NO_TP,0.057542,0.0,1.168466,0.364951,0.104873,0.698642,0.3,0.1999999999981128,21.299999999999386,3.997080393451305,-2.933487393451305,35.833333333329165
train,AUD_JPY,DOWN,2024-03-08 23:05:00,2024-03-09 03:05:00,SL_INITIAL_NO_TP,0.170633,0.0,1.190455,0.158234,0.022884,1.009337,0.6,0.9000000000000341,0.30000000000001137,0.15823433919582058,1.0093366608041796,1.000000000000038
train,AUD_JPY,DOWN,2024-03-09 03:10:00,2024-03-09 03:45:00,SL_INITIAL_NO_TP,0.068572,0.0,0.75072,0.393747,0.056803,0.30017,0.6,0.30000000000001137,0.30000000000001137,0.3062474479379372,0.3876695520620629,0.500000000000019
train,USD_JPY,UP,2024-03-12 23:00:00,2024-03-13 08:00:00,SL_INITIAL_NO_TP,0.252503,0.0,-1.0,0.083167,0.023429,-1.106596,0.3,0.20000000000095497,20.79999999999984,0.8910785218393761,-1.914507521839376,35.00000000000133
train,USD_JPY,UP,2024-03-15 00:15:00,2024-03-15 09:25:00,SL_INITIAL_NO_TP,0.211822,0.0,0.740676,0.09914,0.028001,0.613534,0.3,0.1999999999981128,0.10000000000047748,0.0849770089980545,0.6276979910019455,0.4999999999976505
train,USD_JPY,UP,2024-03-15 09:35:00,2024-03-15 10:10:00,SL_INITIAL_NO_TP,0.100431,0.0,-1.0,0.209099,0.059154,-1.268253,0.3,0.10000000000047748,0.10000000000047748,0.169270444384797,-1.228424444384797,0.333333333334925
train,USD_JPY,UP,2024-03-15 11:10:00,2024-03-15 11:50:00,SL_INITIAL_NO_TP,0.12381,0.0,-1.0,0.169615,0.048003,-1.217617,0.3,0.10000000000047748,0.09999999999763531,0.13730716420306216,-1.1853101642030621,0.333333333330188
train,USD_JPY,UP,2024-03-15 17:05:00,2024-03-15 17:40:00,SL_INITIAL_NO_TP,0.138509,0.0,0.802619,0.151614,0.042925,0.608079,0.3,0.2999999999985903,0.20000000000095497,0.1443949490646489,0.6152990509353511,0.8333333333325754
train,USD_JPY,UP,2024-03-15 18:05:00,2024-03-15 20:40:00,SL_INITIAL_NO_TP,0.107101,0.0,-1.0,0.196077,0.055551,-1.251628,0.3,0.10000000000047748,0.10000000000047748,0.15872867666977478,-1.2142796766697748,0.333333333334925
train,USD_JPY,UP,2024-03-15 21:05:00,2024-03-15 21:50:00,SL_INITIAL_NO_TP,0.104978,0.0,0.985581,0.200042,0.056659,0.728879,0.3,0.39999999999906777,0.30000000000143245,0.2095677189506849,0.7193542810493151,1.1666666666675005
train,USD_JPY,UP,2024-03-19 17:10:00,2024-03-19 18:40:00,SL_INITIAL_NO_TP,0.236172,0.0,0.813913,0.088918,0.02547,0.699525,0.3,0.20000000000095497,0.1999999999981128,0.08044984164079856,0.7079931583592014,0.666666666665113
train,USD_JPY,UP,2024-03-19 18:45:00,2024-03-19 20:15:00,SL_INITIAL_NO_TP,0.16922,0.0,-1.0,0.124099,0.035605,-1.159704,0.3,0.40000000000190994,0.1999999999981128,0.12409880628767418,-1.1597038062876743,1.000000000000038
train,AUD_JPY,UP,2024-03-19 21:15:00,2024-03-19 22:45:00,SL_INITIAL_NO_TP,0.091299,0.0,0.706323,0.29573,0.042978,0.367615,0.6,0.30000000000001137,0.30000000000001137,0.23001347221766094,0.4333315277823391,0.500000000000019
train,AUD_JPY,UP,2024-03-19 22:55:00,2024-03-20 00:00:00,SL_INITIAL_NO_TP,0.089471,0.0,2.067157,0.301772,0.043917,1.721468,0.6,0.39999999999906777,0.40000000000048885,0.25706653552542796,1.766173464474572,0.6666666666662973
train,USD_JPY,UP,2024-03-19 23:05:00,2024-03-20 00:45:00,SL_INITIAL_NO_TP,0.059983,0.0,2.493453,0.350097,0.100472,2.042885,0.3,0.1999999999981128,0.30000000000143245,0.3334278045445451,2.059553195455455,0.8333333333325754
train,AUD_JPY,UP,2024-03-20 00:10:00,2024-03-20 00:45:00,SL_INITIAL_NO_TP,0.036642,0.0,1.300534,0.736852,0.10744,0.456243,0.6,0.30000000000001137,0.49999999999954525,0.6276949948145725,0.5653990051854276,0.6666666666662973
train,USD_JPY,UP,2024-03-20 01:05:00,2024-03-20 02:00:00,SL_INITIAL_NO_TP,0.106862,0.0,1.035484,0.196516,0.056441,0.782527,0.3,0.1999999999981128,0.1999999999981128,0.17779940483953374,0.8012435951604664,0.666666666660376
train,AUD_JPY,UP,2024-03-20 01:35:00,2024-03-20 02:05:00,SL_INITIAL_NO_TP,0.08466,0.0,0.637871,0.318925,0.046549,0.272398,0.6,0.40000000000048885,0.40000000000048885,0.2716749350343701,0.31964706496562983,0.6666666666674814
train,USD_JPY,UP,2024-03-20 02:05:00,2024-03-20 09:00:00,SL_INITIAL_NO_TP,0.111753,0.0,0.82659,0.187915,0.054024,0.584651,0.3,0.2999999999985903,0.2999999999985903,0.18791441840462272,0.5846515815953773,0.999999999995301
train,USD_JPY,UP,2024-03-20 09:05:00,2024-03-20 14:00:00,SL_INITIAL_NO_TP,0.280603,0.0,0.882263,0.074839,0.021559,0.785865,0.3,1.8000000000000682,0.20000000000095497,0.12473138205938722,0.7359726179406129,3.333333333335039
train,AUD_JPY,UP,2024-03-20 09:05:00,2024-03-20 10:25:00,SL_INITIAL_NO_TP,0.135129,0.0,0.764725,0.19981,0.029199,0.535716,0.6,1.9000000000005457,0.30000000000001137,0.27381243108441244,0.46171356891558757,1.8333333333337976
train,AUD_JPY,UP,2024-03-20 11:20:00,2024-03-20 12:20:00,SL_INITIAL_NO_TP,0.079262,0.0,0.732299,0.340642,0.049887,0.341769,0.6,0.19999999999953388,0.30000000000001137,0.2523277232468958,0.43008427675310423,0.4166666666662877
train,AUD_JPY,UP,2024-03-20 12:30:00,2024-03-20 12:40:00,SL_INITIAL_NO_TP,0.051404,0.0,-1.0,0.525249,0.076983,-1.602232,0.6,0.39999999999906777,0.30000000000001137,0.427982258189845,-1.504965258189845,0.583333333332566
train,USD_JPY,UP,2024-03-20 14:10:00,2024-03-20 14:30:00,SL_INITIAL_NO_TP,0.069589,0.0,0.622252,0.301772,0.087068,0.233413,0.3,0.20000000000095497,0.20000000000095497,0.2730316573024343,0.2621523426975657,0.66666666666985
train,USD_JPY,UP,2024-03-20 14:55:00,2024-03-20 16:10:00,SL_INITIAL_NO_TP,0.0942,0.0,-1.0,0.222929,0.064348,-1.287277,0.3,0.1999999999981128,0.20000000000095497,0.20169851380032564,-1.2660465138003256,0.666666666665113
train,AUD_JPY,UP,2024-03-20 15:15:00,2024-03-20 16:30:00,SL_INITIAL_NO_TP,0.068479,0.0,-1.0,0.394282,0.057812,-1.452095,0.6,0.40000000000048885,0.5000000000009663,0.35047240759962256,-1.4082844075996226,0.7500000000012127
train,USD_JPY,UP,2024-03-20 18:10:00,2024-03-20 18:55:00,SL_INITIAL_NO_TP,0.135539,0.0,1.136581,0.154937,0.044733,0.936911,0.3,0.1999999999981128,0.20000000000095497,0.14018105489925908,0.951666945100741,0.666666666665113
train,USD_JPY,UP,2024-03-20 19:05:00,2024-03-20 22:45:00,SL_INITIAL_NO_TP,0.091397,0.0,0.473967,0.229767,0.066398,0.177802,0.3,0.1999999999981128,0.20000000000095497,0.20788428504207662,0.1996847149579234,0.666666666665113
train,AUD_JPY,UP,2024-03-20 23:05:00,2024-03-21 00:00:00,SL_INITIAL_NO_TP,0.047396,0.0,0.526907,0.569673,0.083515,-0.126281,0.6,0.30000000000001137,0.30000000000001137,0.44307536500971023,0.00031663499028977693,0.500000000000019
train,AUD_JPY,UP,2024-03-21 01:15:00,2024-03-21 03:10:00,SL_INITIAL_NO_TP,0.054525,0.0,3.449905,0.495188,0.072644,2.882074,0.6,0.30000000000001137,0.6999999999990791,0.45850527281047054,2.91875572718953,0.8333333333325754
train,AUD_JPY,UP,2024-03-21 03:15:00,2024-03-21 03:30:00,SL_INITIAL_NO_TP,0.077364,0.0,0.0,0.349001,0.051296,-0.400297,0.6,0.6000000000000227,0.40000000000048885,0.32314771728459124,-0.37444371728459125,0.8333333333337597
train,AUD_JPY,UP,2024-03-21 05:00:00,2024-03-21 08:20:00,SL_INITIAL_NO_TP,0.183101,0.0,-1.0,0.14746,0.021766,-1.169226,0.6,0.7999999999995566,0.5000000000009663,0.1529210654229372,-1.174687065422937,1.0833333333337691
train,AUD_JPY,UP,2024-03-21 12:10:00,2024-03-21 12:45:00,SL_INITIAL_NO_TP,0.086375,0.0,0.829424,0.312589,0.046136,0.470698,0.6,0.30000000000001137,0.40000000000048885,0.2547033285094646,0.5285846714905356,0.5833333333337503
train,AUD_JPY,UP,2024-03-21 12:50:00,2024-03-21 13:40:00,SL_INITIAL_NO_TP,0.031965,0.0,3.303476,0.844672,0.124729,2.334076,0.6,0.6000000000000227,0.30000000000001137,0.7508212106992129,2.427925789300787,0.7500000000000284
train,AUD_JPY,UP,2024-03-21 14:15:00,2024-03-21 14:45:00,SL_INITIAL_NO_TP,0.064701,0.0,1.260211,0.417303,0.061752,0.781156,0.6,0.39999999999906777,0.30000000000001137,0.34002565648121036,0.8584333435187896,0.583333333332566
train,AUD_JPY,UP,2024-03-21 14:50:00,2024-03-21 15:15:00,SL_INITIAL_NO_TP,0.05986,0.0,0.449045,0.45105,0.06682,-0.068824,0.6,0.30000000000001137,0.6999999999990791,0.41764116271284507,-0.03541616271284505,0.8333333333325754
train,AUD_JPY,UP,2024-03-21 16:05:00,2024-03-21 16:45:00,SL_INITIAL_NO_TP,0.040137,0.0,1.066766,0.672694,0.099717,0.294355,0.6,0.5000000000009663,0.30000000000001137,0.5730373470864732,0.39401165291352686,0.6666666666674814
train,USD_JPY,UP,2024-03-22 10:05:00,2024-03-22 10:55:00,SL_INITIAL_NO_TP,0.051971,0.0,5.612261,0.404075,0.116608,5.091578,0.3,0.30000000000143245,0.30000000000143245,0.40407150141480147,5.091581498585199,1.0000000000047748
train,USD_JPY,DOWN,2024-04-05 09:05:00,2024-04-05 09:25:00,SL_INITIAL_NO_TP,0.140626,0.0,1.137405,0.149332,0.043017,0.945056,0.3,0.20000000000095497,0.1999999999981128,0.1351101503277536,0.9592778496722464,0.666666666665113
train,EUR_JPY,DOWN,2024-04-05 09:05:00,2024-04-05 09:25:00,SL_INITIAL_NO_TP,0.126024,0.0,1.262492,0.198375,0.052021,1.012096,0.5,0.30000000000143245,0.30000000000143245,0.16663492668085958,1.0438360733191403,0.6000000000028649
train,GBP_JPY,DOWN,2024-04-05 09:05:00,2024-04-05 09:25:00,SL_INITIAL_NO_TP,0.118309,0.0,1.661438,0.24512,0.064641,1.351677,0.7,0.6000000000000227,0.49999999999954525,0.21976350066348022,1.3770334993365199,0.7857142857139772
train,AUD_JPY,DOWN,2024-04-05 09:05:00,2024-04-05 09:25:00,SL_INITIAL_NO_TP,0.065111,0.0,1.583587,0.414674,0.061212,1.107702,0.6,0.49999999999954525,0.39999999999906777,0.36860131160612075,1.1537736883938792,0.7499999999988443
train,AUD_JPY,DOWN,2024-04-05 09:35:00,2024-04-05 10:35:00,SL_INITIAL_NO_TP,0.081945,0.0,1.625801,0.32949,0.048558,1.247753,0.6,0.40000000000048885,0.49999999999954525,0.29287937030935796,1.284363629690642,0.7500000000000284
train,EUR_JPY,DOWN,2024-04-05 09:40:00,2024-04-05 10:35:00,SL_INITIAL_NO_TP,0.157336,0.0,0.198642,0.158895,0.041605,-0.001858,0.5,0.2999999999985903,0.30000000000143245,0.13347231402857723,0.023564685971422777,0.6000000000000227
train,GBP_JPY,DOWN,2024-04-05 09:45:00,2024-04-05 11:00:00,SL_INITIAL_NO_TP,0.152484,0.0,0.390726,0.190184,0.05007,0.150472,0.7,1.0000000000019327,0.6000000000000227,0.20330001836271053,0.1373559816372895,1.1428571428585397
train,USD_JPY,DOWN,2024-04-05 10:15:00,2024-04-05 10:35:00,SL_INITIAL_NO_TP,0.166367,0.0,-1.0,0.126227,0.036273,-1.1625,0.3,0.30000000000143245,0.1999999999981128,0.12021614863521884,-1.156489148635219,0.8333333333325754
train,AUD_JPY,DOWN,2024-04-05 11:15:00,2024-04-05 12:55:00,SL_INITIAL_NO_TP,0.112527,0.0,-1.0,0.239942,0.035286,-1.275228,0.6,0.30000000000001137,0.40000000000048885,0.19550863348356395,-1.230794633483564,0.5833333333337503
train,USD_JPY,DOWN,2024-04-16 23:55:00,2024-04-17 02:30:00,SL_INITIAL_NO_TP,0.145408,0.0,-1.0,0.144421,0.042527,-1.186949,0.3,0.30000000000143245,0.39999999999906777,0.15129841549299214,-1.1938254154929921,1.1666666666675005
train,USD_JPY,UP,2024-04-24 23:00:00,2024-04-25 01:30:00,SL_INITIAL_NO_TP,0.104213,0.0,0.959714,0.20151,0.059498,0.698706,0.3,0.1999999999981128,0.20000000000095497,0.18231890455116614,0.7178970954488337,0.666666666665113
train,USD_JPY,UP,2024-04-25 02:05:00,2024-04-25 02:40:00,SL_INITIAL_NO_TP,0.059575,0.0,2.874772,0.352497,0.104158,2.418118,0.3,0.2999999999985903,0.2999999999985903,0.35249685270619896,2.4181171472938012,0.999999999995301
train,USD_JPY,UP,2024-04-25 05:05:00,2024-04-25 07:10:00,SL_INITIAL_NO_TP,0.101027,0.0,-1.0,0.207865,0.061519,-1.269384,0.3,12.5,12.600000000000477,2.6329595058747146,-3.6944785058747147,41.83333333333413
train,USD_JPY,UP,2024-04-25 10:15:00,2024-04-25 10:45:00,SL_INITIAL_NO_TP,0.046057,0.0,0.43628,0.455957,0.134951,-0.154629,0.3,0.39999999999906777,0.20000000000095497,0.45595674924550506,-0.15462774924550504,1.000000000000038
train,USD_JPY,UP,2024-04-25 12:15:00,2024-04-25 14:15:00,SL_INITIAL_NO_TP,0.056977,0.0,3.034673,0.368572,0.109147,2.556955,0.3,0.1999999999981128,0.20000000000095497,0.3334678905521645,2.5920581094478354,0.666666666665113
train,USD_JPY,UP,2024-04-25 14:25:00,2024-04-25 14:50:00,SL_INITIAL_NO_TP,0.065572,0.0,-1.0,0.320259,0.094991,-1.41525,0.3,0.20000000000095497,0.20000000000095497,0.2897578234615247,-1.3847488234615246,0.66666666666985
train,USD_JPY,UP,2024-04-25 21:10:00,2024-04-25 21:30:00,SL_INITIAL_NO_TP,0.06399,0.0,-1.0,0.328178,0.097249,-1.425427,0.3,0.20000000000095497,0.7999999999981355,0.3906860446943413,-1.4879350446943411,1.6666666666651508
train,USD_JPY,UP,2024-04-26 20:00:00,2024-04-26 20:15:00,SL_INITIAL_NO_TP,0.107908,0.0,-1.0,0.194611,0.058145,-1.252756,0.3,0.20000000000095497,0.30000000000143245,0.1853430700228331,-1.243488070022833,0.8333333333373124
train,USD_JPY,UP,2024-04-26 21:30:00,2024-04-26 23:45:00,SL_INITIAL_NO_TP,0.242105,0.0,0.569861,0.086739,0.025922,0.4572,0.3,1.1000000000024102,0.1999999999981128,0.11565229962208641,0.42828670037791355,2.1666666666675383
train,EUR_JPY,UP,2024-04-26 21:30:00,2024-04-26 22:20:00,SL_INITIAL_NO_TP,0.25165,0.0,-1.0,0.099344,0.02675,-1.126094,0.5,2.5000000000005684,0.39999999999906777,0.17484601629245525,-1.2015960162924553,2.899999999999636
train,GBP_JPY,UP,2024-04-26 21:30:00,2024-04-26 22:15:00,SL_INITIAL_NO_TP,0.310438,0.0,-1.0,0.093416,0.02531,-1.118726,0.7,4.200000000000159,0.6000000000000227,0.2029390731804799,-1.2282490731804798,3.4285714285715585
train,USD_JPY,UP,2024-04-26 23:55:00,2024-04-27 01:15:00,SL_INITIAL_NO_TP,0.215198,0.0,1.838655,0.097584,0.029233,1.711838,0.3,0.2999999999985903,0.20000000000095497,0.09293766670691853,1.7164843332930813,0.8333333333325754
train,EUR_JPY,UP,2024-04-27 00:40:00,2024-04-27 01:25:00,SL_INITIAL_NO_TP,0.223233,0.0,1.019658,0.111991,0.030154,0.877514,0.5,0.49999999999954525,0.39999999999906777,0.10751098627884825,0.8819930137211517,0.899999999998613
train,GBP_JPY,UP,2024-04-27 01:05:00,2024-04-27 03:25:00,SL_INITIAL_NO_TP,0.325314,0.0,0.951935,0.089145,0.024199,0.838592,0.7,0.40000000000190994,0.5000000000023874,0.07377487596612188,0.8539611240338781,0.6428571428602124
train,EUR_JPY,UP,2024-04-27 01:30:00,2024-04-27 02:25:00,SL_INITIAL_NO_TP,0.153785,0.0,0.713947,0.162565,0.04385,0.507533,0.5,0.2999999999985903,0.30000000000143245,0.13655428032643122,0.5335427196735687,0.6000000000000227
train,USD_JPY,UP,2024-04-27 02:15:00,2024-04-27 05:40:00,SL_INITIAL_NO_TP,0.162741,0.0,3.117477,0.129039,0.038779,2.949659,0.3,0.20000000000095497,13.399999999998613,0.9278546893529946,2.1508433106470055,22.666666666665947
train,EUR_JPY,UP,2024-04-27 03:05:00,2024-04-27 03:25:00,SL_INITIAL_NO_TP,0.090397,0.0,0.600293,0.276559,0.074646,0.249089,0.5,0.30000000000143245,0.30000000000143245,0.23230859431207504,0.2933384056879249,0.6000000000028649
train,EUR_JPY,UP,2024-04-27 03:35:00,2024-04-27 04:15:00,SL_INITIAL_NO_TP,0.071032,0.0,0.688602,0.351952,0.09504,0.24161,0.5,0.2999999999985903,0.30000000000143245,0.295641401058681,0.29792059894131906,0.6000000000000227
train,GBP_JPY,UP,2024-04-27 03:35:00,2024-04-27 04:15:00,SL_INITIAL_NO_TP,0.058318,0.0,0.95739,0.497275,0.135193,0.324921,0.7,0.40000000000190994,0.899999999998613,0.48012620460244226,0.3420707953975577,0.9285714285718022
train,EUR_JPY,UP,2024-04-27 05:05:00,2024-04-27 05:40:00,SL_INITIAL_NO_TP,0.054292,0.0,5.084485,0.460472,0.124473,4.49954,0.5,10.599999999999454,11.50000000000091,4.346865099830613,0.6131469001693866,22.100000000000364
train,GBP_JPY,UP,2024-04-27 05:05:00,2024-04-27 05:40:00,SL_INITIAL_NO_TP,0.064841,0.0,5.973637,0.447245,0.121743,5.404649,0.7,16.399999999998727,17.799999999999727,5.505775666630443,0.34611833336955694,24.428571428570326
train,USD_JPY,DOWN,2024-05-03 03:15:00,2024-05-03 03:45:00,SL_INITIAL_NO_TP,0.084225,0.0,2.309411,0.249331,0.072845,1.987234,0.3,0.1999999999981128,0.1999999999981128,0.22558622736672315,2.0109797726332768,0.666666666660376
train,USD_JPY,DOWN,2024-05-03 04:20:00,2024-05-03 05:00:00,SL_INITIAL_NO_TP,0.096873,0.0,0.964892,0.21678,0.063296,0.684816,0.3,0.20000000000095497,0.30000000000143245,0.20645587521831546,0.6951401247816845,0.8333333333373124
train,USD_JPY,DOWN,2024-05-03 08:05:00,2024-05-03 08:45:00,SL_INITIAL_NO_TP,0.254954,0.0,0.456577,0.082368,0.024031,0.350178,0.3,0.1999999999981128,0.1999999999981128,0.07452324733074302,0.358022752669257,0.666666666660376
train,USD_JPY,DOWN,2024-05-03 10:15:00,2024-05-03 11:00:00,SL_INITIAL_NO_TP,0.138038,0.0,1.970115,0.152131,0.044389,1.773595,0.3,0.1999999999981128,0.20000000000095497,0.13764325765362204,1.788082742346378,0.666666666665113
train,USD_JPY,DOWN,2024-05-03 11:15:00,2024-05-03 11:55:00,SL_INITIAL_NO_TP,0.217528,0.0,-1.0,0.096539,0.028104,-1.124644,0.3,0.20000000000095497,0.20000000000095497,0.08734507741540905,-1.1154490774154089,0.66666666666985
train,USD_JPY,DOWN,2024-05-03 21:10:00,2024-05-03 21:25:00,SL_INITIAL_NO_TP,0.045054,0.0,1.244629,0.466109,0.136095,0.642426,0.3,0.30000000000143245,0.20000000000095497,0.44391175034456154,0.6646222496554385,0.8333333333373124
train,GBP_JPY,DOWN,2024-05-14 18:55:00,2024-05-14 19:05:00,SL_INITIAL_NO_TP,0.097181,0.0,-1.0,0.298412,0.080725,-1.379137,0.7,0.40000000000190994,0.6000000000000227,0.2572519319622079,-1.337976931962208,0.7142857142870949
train,USD_JPY,DOWN,2024-05-15 19:10:00,2024-05-15 19:35:00,SL_INITIAL_NO_TP,0.072016,0.0,0.040909,0.2916,0.086565,-0.337255,0.3,0.1999999999981128,0.20000000000095497,0.2638302599421056,-0.30948625994210566,0.666666666665113
train,USD_JPY,DOWN,2024-05-15 19:45:00,2024-05-15 20:25:00,SL_INITIAL_NO_TP,0.083635,0.0,2.137705,0.251091,0.074518,1.812096,0.3,0.20000000000095497,0.20000000000095497,0.22717761702659292,1.836009382973407,0.66666666666985
train,USD_JPY,DOWN,2024-05-15 20:30:00,2024-05-15 20:45:00,SL_INITIAL_NO_TP,0.054268,0.0,-1.0,0.386971,0.11475,-1.501721,0.3,0.30000000000143245,0.20000000000095497,0.3685413134816812,-1.483291313481681,0.8333333333373124
train,USD_JPY,DOWN,2024-05-15 21:05:00,2024-05-15 21:40:00,SL_INITIAL_NO_TP,0.256419,0.0,0.959782,0.081897,0.024255,0.85363,0.3,0.1999999999981128,0.49999999999954525,0.08579707431967436,0.8497299256803257,1.1666666666627634
train,USD_JPY,DOWN,2024-05-15 21:55:00,2024-05-15 22:35:00,SL_INITIAL_NO_TP,0.3488,0.0,-1.0,0.060206,0.017789,-1.077996,0.3,0.39999999999906777,0.20000000000095497,0.060206422018349276,-1.0779954220183494,1.000000000000038
train,USD_JPY,DOWN,2024-05-16 00:10:00,2024-05-16 00:40:00,SL_INITIAL_NO_TP,0.289957,0.0,0.649515,0.072425,0.021396,0.555695,0.3,0.2999999999985903,0.1999999999981128,0.06897574467926978,0.5591432553207302,0.8333333333278385
train,USD_JPY,DOWN,2024-05-16 00:45:00,2024-05-16 01:05:00,SL_INITIAL_NO_TP,0.082782,0.0,-1.0,0.253679,0.074905,-1.328583,0.3,0.20000000000095497,0.1999999999981128,0.2295184943585644,-1.3044234943585644,0.666666666665113
train,USD_JPY,DOWN,2024-05-16 02:10:00,2024-05-16 08:50:00,SL_INITIAL_NO_TP,0.26222,0.0,1.716559,0.080085,0.02361,1.612864,0.3,0.1999999999981128,0.7000000000005002,0.09152619937451807,1.601422800625482,1.4999999999976885
train,GBP_JPY,DOWN,2024-05-16 08:05:00,2024-05-16 08:50:00,SL_INITIAL_NO_TP,0.112378,0.0,3.174267,0.258058,0.069834,2.846375,0.7,0.49999999999954525,1.9000000000005457,0.3470430155368569,2.757389984463143,1.7142857142857792
train,USD_JPY,DOWN,2024-05-16 09:05:00,2024-05-16 10:05:00,SL_INITIAL_NO_TP,0.154812,0.0,4.512926,0.135648,0.039912,4.337365,0.3,0.6000000000000227,0.20000000000095497,0.14856729452503536,4.324446705474965,1.3333333333349628
train,GBP_JPY,DOWN,2024-05-16 10:20:00,2024-05-16 10:40:00,SL_INITIAL_NO_TP,0.158849,0.0,0.0,0.182564,0.049159,-0.231723,0.7,1.099999999999568,0.9000000000014552,0.22033503515924074,-0.26949403515924075,1.4285714285721596
train,AUD_JPY,UP,2024-06-13 05:35:00,2024-06-13 05:45:00,SL_INITIAL_NO_TP,0.042351,0.0,-1.0,0.637531,0.098702,-1.736234,0.6,6.700000000000728,6.6999999999993065,3.5182168071592255,-4.616918807159226,11.166666666666696
train,AUD_JPY,UP,2024-06-13 16:05:00,2024-06-13 16:55:00,SL_INITIAL_NO_TP,0.116593,0.0,1.045306,0.231574,0.035851,0.77788,0.6,0.30000000000001137,0.30000000000001137,0.1801137289545704,0.8293412710454297,0.500000000000019
train,AUD_JPY,UP,2024-06-13 22:25:00,2024-06-13 23:05:00,SL_INITIAL_NO_TP,0.17378,0.0,-1.0,0.155369,0.024082,-1.179451,0.6,0.5000000000009663,0.40000000000048885,0.13810565082296325,-1.1621876508229632,0.7500000000012127
train,AUD_JPY,UP,2024-06-26 11:55:00,2024-06-26 13:55:00,SL_INITIAL_NO_TP,0.112791,0.0,0.726655,0.23938,0.037811,0.449463,0.6,0.40000000000048885,0.30000000000001137,0.1950510235746203,0.4937929764253797,0.5833333333337503
train,AUD_JPY,UP,2024-06-26 14:05:00,2024-06-26 14:30:00,SL_INITIAL_NO_TP,0.049542,0.0,1.277769,0.544993,0.086158,0.646618,0.6,0.5000000000009663,0.40000000000048885,0.4844374470149479,0.707173552985052,0.7500000000012127
train,AUD_JPY,UP,2024-06-26 14:35:00,2024-06-26 15:15:00,SL_INITIAL_NO_TP,0.052002,0.0,1.093877,0.519207,0.08215,0.492521,0.6,0.30000000000001137,0.30000000000001137,0.4038306218991621,0.607896378100838,0.500000000000019
train,AUD_JPY,UP,2024-06-26 17:20:00,2024-06-26 19:15:00,SL_INITIAL_NO_TP,0.123941,0.0,-1.0,0.217846,0.034487,-1.252334,0.6,0.19999999999953388,0.30000000000001137,0.16136710208886046,-1.1958541020888604,0.4166666666662877
train,AUD_JPY,UP,2024-06-26 23:05:00,2024-06-26 23:30:00,SL_INITIAL_NO_TP,0.099369,0.0,0.451162,0.271714,0.042982,0.136467,0.6,0.49999999999954525,0.49999999999954525,0.2515875172336534,0.1565924827663466,0.8333333333325754
train,AUD_JPY,UP,2024-06-27 02:15:00,2024-06-27 03:05:00,SL_INITIAL_NO_TP,0.052463,0.0,1.511358,0.514649,0.081457,0.915252,0.6,0.30000000000001137,0.30000000000001137,0.4002821035777639,1.0296188964222361,0.500000000000019
train,AUD_JPY,UP,2024-06-27 04:05:00,2024-06-27 04:45:00,SL_INITIAL_NO_TP,0.048893,0.0,0.820461,0.552221,0.087422,0.180817,0.6,0.30000000000001137,0.40000000000048885,0.44996216227282027,0.28307683772717973,0.5833333333337503
train,AUD_JPY,UP,2024-06-27 05:05:00,2024-06-27 05:45:00,SL_INITIAL_NO_TP,0.051542,0.0,-1.0,0.523845,0.083019,-1.606864,0.6,6.9000000000002615,7.000000000000739,2.98785456520915,-4.07087356520915,11.583333333334167
train,AUD_JPY,UP,2024-06-27 06:10:00,2024-06-27 06:40:00,SL_INITIAL_NO_TP,0.059734,0.0,-1.0,0.452002,0.071628,-1.52363,0.6,10.600000000000875,8.200000000000784,3.3983995714336324,-4.470027571433632,15.66666666666805
train,AUD_JPY,UP,2024-06-27 15:05:00,2024-06-27 16:10:00,SL_INITIAL_NO_TP,0.083802,0.0,0.535997,0.32219,0.051053,0.162754,0.6,0.19999999999953388,0.49999999999954525,0.26252356745651406,0.22242043254348587,0.583333333332566
train,AUD_JPY,UP,2024-06-28 21:05:00,2024-06-28 21:40:00,SL_INITIAL_NO_TP,0.091832,0.0,0.427338,0.294017,0.046578,0.086744,0.6,0.30000000000001137,0.6000000000000227,0.2613468072131756,0.11941319278682438,0.7500000000000284
train,AUD_JPY,UP,2024-06-28 22:05:00,2024-06-29 00:00:00,SL_INITIAL_NO_TP,0.137348,0.0,2.32069,0.196581,0.03118,2.092929,0.6,0.39999999999906777,0.39999999999906777,0.1674578443077537,2.1220521556922463,0.666666666665113
train,AUD_JPY,UP,2024-06-29 00:05:00,2024-06-29 03:25:00,SL_INITIAL_NO_TP,0.140522,0.0,-1.0,0.19214,0.030567,-1.222707,0.6,0.49999999999954525,0.30000000000001137,0.16367543872130744,-1.1942424387213075,0.6666666666662973
train,USD_JPY,DOWN,2024-07-12 01:20:00,2024-07-12 02:00:00,SL_INITIAL_NO_TP,0.097955,0.0,-1.0,0.214385,0.064752,-1.279137,0.3,0.1999999999981128,0.39999999999906777,0.21438415598970756,-1.2791361559897074,0.999999999995301
train,USD_JPY,DOWN,2024-07-12 22:10:00,2024-07-13 05:55:00,WEEKEND_NO_TP,1.642257,0.0,-0.347692,0.009743,0.003834,-0.361269,0.3,1.8000000000000682,13.2000000000005,0.09742689481610106,-0.44895289481610107,25.00000000000095
train,EUR_JPY,DOWN,2024-07-12 22:10:00,2024-07-13 05:55:00,WEEKEND_NO_TP,1.668837,0.0,-0.473384,0.011984,0.004111,-0.489479,0.5,3.100000000000591,11.400000000000432,0.09287905289732326,-0.5703740528973232,14.500000000001023
train,USD_JPY,DOWN,2024-07-17 17:40:00,2024-07-17 20:05:00,SL_INITIAL_NO_TP,0.411336,0.0,-1.0,0.051053,0.015207,-1.06626,0.3,0.20000000000095497,0.1999999999981128,0.046190948518949664,-1.0613979485189495,0.666666666665113
train,USD_JPY,DOWN,2024-07-18 03:10:00,2024-07-18 08:50:00,SL_INITIAL_NO_TP,0.24083,0.0,3.112711,0.087199,0.025957,2.999556,0.3,0.1999999999981128,0.40000000000190994,0.08719843873271697,2.999555561267283,1.000000000000038
train,GBP_JPY,DOWN,2024-07-23 16:15:00,2024-07-23 17:25:00,SL_INITIAL_NO_TP,0.199954,0.0,3.990655,0.145033,0.040462,3.805159,0.7,0.40000000000190994,0.5000000000023874,0.1200276063496753,3.830165393650325,0.6428571428602124
train,EUR_JPY,DOWN,2024-07-23 16:20:00,2024-07-23 17:25:00,SL_INITIAL_NO_TP,0.157835,0.0,4.355443,0.158393,0.043165,4.153885,0.5,0.2999999999985903,0.2999999999985903,0.13305033737746258,4.179227662622537,0.5999999999971806
train,EUR_JPY,DOWN,2024-07-23 17:35:00,2024-07-23 18:00:00,SL_INITIAL_NO_TP,0.104645,0.0,-1.0,0.238902,0.06484,-1.303742,0.5,0.30000000000143245,0.30000000000143245,0.20067848439991062,-1.2655184843999105,0.6000000000028649
train,GBP_JPY,DOWN,2024-07-23 18:25:00,2024-07-23 18:45:00,SL_INITIAL_NO_TP,0.180112,0.0,0.379359,0.161011,0.044743,0.173605,0.7,0.39999999999906777,0.6000000000000227,0.1388025228746053,0.1958134771253947,0.7142857142850647
train,EUR_JPY,DOWN,2024-07-23 18:35:00,2024-07-23 21:05:00,SL_INITIAL_NO_TP,0.270333,0.0,-1.0,0.092479,0.02507,-1.117548,0.5,0.2999999999985903,0.5000000000023874,0.08508025287334427,-1.1101502528733442,0.8000000000009777
train,GBP_JPY,DOWN,2024-07-23 18:55:00,2024-07-23 19:55:00,SL_INITIAL_NO_TP,0.172593,0.0,0.498223,0.168026,0.046666,0.283532,0.7,0.7000000000005002,0.7000000000005002,0.16802535444664618,0.28353164555335386,1.0000000000007148
train,EUR_JPY,DOWN,2024-07-23 22:35:00,2024-07-24 00:00:00,SL_INITIAL_NO_TP,0.176918,0.0,0.831781,0.141308,0.038297,0.652176,0.5,0.49999999999954525,0.49999999999954525,0.14130840276281048,0.6521755972371894,0.9999999999990905
train,EUR_JPY,DOWN,2024-07-24 01:20:00,2024-07-24 01:50:00,SL_INITIAL_NO_TP,0.095514,0.0,2.1694,0.261741,0.070916,1.836744,0.5,0.2999999999985903,0.49999999999954525,0.24080239546015614,1.8576816045398439,0.7999999999981355
train,GBP_JPY,DOWN,2024-07-24 01:20:00,2024-07-24 01:50:00,SL_INITIAL_NO_TP,0.13777,0.0,1.88058,0.210496,0.058484,1.6116,0.7,0.39999999999906777,0.7999999999981355,0.19597880525493236,1.6261171947450677,0.8571428571408596
train,EUR_JPY,DOWN,2024-07-24 04:30:00,2024-07-24 04:45:00,SL_INITIAL_NO_TP,0.054559,0.0,-1.0,0.458219,0.1238,-1.582019,0.5,0.2999999999985903,0.30000000000143245,0.3849044154035123,-1.508704415403512,0.6000000000000227
train,GBP_JPY,DOWN,2024-07-24 04:30:00,2024-07-24 04:40:00,SL_INITIAL_NO_TP,0.062229,0.0,-1.0,0.466021,0.129058,-1.595079,0.7,0.49999999999954525,0.39999999999906777,0.38567227498410916,-1.5147302749841094,0.6428571428561523
train,EUR_JPY,DOWN,2024-07-24 10:05:00,2024-07-24 10:20:00,SL_INITIAL_NO_TP,0.290261,0.0,0.534392,0.086129,0.023269,0.424994,0.5,0.2999999999985903,0.7000000000005002,0.08612938010959414,0.42499361989040585,0.9999999999990905
train,GBP_JPY,DOWN,2024-07-24 10:05:00,2024-07-24 10:20:00,SL_INITIAL_NO_TP,0.3433,0.0,0.617119,0.084474,0.023392,0.509252,0.7,0.49999999999954525,1.2999999999976808,0.09612583745986676,0.49760116254013315,1.2857142857123045
train,EUR_JPY,DOWN,2024-07-24 10:25:00,2024-07-24 11:00:00,SL_INITIAL_NO_TP,0.195766,0.0,0.755692,0.127703,0.034451,0.593538,0.5,0.49999999999954525,0.2999999999985903,0.11748720411093527,0.6037537958890647,0.7999999999981355
train,GBP_JPY,DOWN,2024-07-24 10:25:00,2024-07-24 11:00:00,SL_INITIAL_NO_TP,0.234178,0.0,0.717457,0.123838,0.034237,0.559382,0.7,0.7000000000005002,0.6000000000000227,0.11956716685600367,0.5636528331439964,0.9285714285718022
train,EUR_JPY,DOWN,2024-07-24 11:15:00,2024-07-24 12:10:00,SL_INITIAL_NO_TP,0.195496,0.0,0.681311,0.12788,0.03447,0.518961,0.5,0.30000000000143245,0.30000000000143245,0.1074190776283333,0.5394219223716668,0.6000000000028649
train,GBP_JPY,DOWN,2024-07-24 11:20:00,2024-07-24 12:30:00,SL_INITIAL_NO_TP,0.173228,0.0,1.906888,0.16741,0.046249,1.693229,0.7,0.9000000000014552,0.39999999999906777,0.16163668690976765,1.6990023130902323,0.9285714285718022
train,EUR_JPY,DOWN,2024-07-24 12:20:00,2024-07-24 13:20:00,SL_INITIAL_NO_TP,0.239573,0.0,0.931807,0.104353,0.028079,0.799375,0.5,0.6000000000000227,0.899999999998613,0.12522279221776392,0.7785052077822362,1.4999999999986358
train,GBP_JPY,DOWN,2024-07-24 12:50:00,2024-07-24 13:20:00,SL_INITIAL_NO_TP,0.214536,0.0,1.397329,0.135175,0.037271,1.224883,0.7,0.6000000000000227,1.300000000000523,0.15848156020437343,1.2015764397956266,1.3571428571432471
train,GBP_JPY,DOWN,2024-07-24 13:30:00,2024-07-24 14:15:00,SL_INITIAL_NO_TP,0.287373,0.0,1.085559,0.100914,0.027765,0.95688,0.7,0.6000000000000227,0.6000000000000227,0.09395454687810077,0.9638394531218991,0.8571428571428896
train,EUR_JPY,DOWN,2024-07-24 14:05:00,2024-07-24 14:20:00,SL_INITIAL_NO_TP,0.359742,0.0,-1.0,0.069494,0.018627,-1.088121,0.5,0.2999999999985903,0.7000000000005002,0.06949424865595595,-1.088121248655956,0.9999999999990905
train,GBP_JPY,DOWN,2024-07-24 15:15:00,2024-07-24 16:10:00,SL_INITIAL_NO_TP,0.271182,0.0,-1.0,0.106939,0.029382,-1.136322,0.7,1.4000000000010004,1.300000000000523,0.15487753611971014,-1.1842595361197101,1.9285714285725168
train,EUR_JPY,DOWN,2024-07-24 16:05:00,2024-07-24 16:10:00,SL_INITIAL_NO_TP,0.106512,0.0,-1.0,0.234716,0.062981,-1.297697,0.5,0.30000000000143245,0.7999999999981355,0.24410395072851584,-1.3070849507285158,1.099999999999568
train,EUR_JPY,DOWN,2024-07-24 18:10:00,2024-07-24 18:45:00,SL_INITIAL_NO_TP,0.222799,0.0,0.477577,0.112209,0.030118,0.33525,0.5,0.30000000000143245,0.6000000000000227,0.10772041167157191,0.33973858832842807,0.9000000000014552
train,EUR_JPY,DOWN,2024-07-24 20:05:00,2024-07-24 20:50:00,SL_INITIAL_NO_TP,0.155279,0.0,1.545886,0.161001,0.043152,1.341732,0.5,0.2999999999985903,0.7000000000005002,0.16100052164163153,1.3417334783583685,0.9999999999990905
train,GBP_JPY,DOWN,2024-07-24 20:05:00,2024-07-24 20:50:00,SL_INITIAL_NO_TP,0.15428,0.0,1.644677,0.18797,0.051705,1.405002,0.7,0.39999999999906777,0.9999999999990905,0.1879699248119107,1.4050020751880892,0.9999999999986845
train,EUR_JPY,DOWN,2024-07-24 20:55:00,2024-07-24 21:30:00,SL_INITIAL_NO_TP,0.145979,0.0,1.277571,0.171258,0.045827,1.060486,0.5,0.8000000000009777,0.7000000000005002,0.20550901157025858,1.0262349884297413,1.500000000001478
train,GBP_JPY,DOWN,2024-07-24 21:00:00,2024-07-24 21:30:00,SL_INITIAL_NO_TP,0.222896,0.0,0.77811,0.130105,0.035734,0.612271,0.7,0.49999999999954525,1.0000000000019327,0.1345919173067923,0.6077840826932076,1.0714285714296272
train,EUR_JPY,DOWN,2024-07-24 21:35:00,2024-07-24 22:45:00,SL_INITIAL_NO_TP,0.18213,0.0,0.641547,0.137264,0.036684,0.467599,0.5,0.30000000000143245,2.1000000000015007,0.21413276231279488,0.3907302376872051,2.400000000002933
train,GBP_JPY,DOWN,2024-07-24 21:35:00,2024-07-24 22:40:00,SL_INITIAL_NO_TP,0.225994,0.0,0.495768,0.128322,0.0352,0.332246,0.7,0.6000000000000227,1.2000000000000455,0.14602157579405065,0.31454642420594936,1.2857142857143344
train,GBP_JPY,DOWN,2024-07-24 22:45:00,2024-07-25 00:00:00,SL_INITIAL_NO_TP,0.555882,0.0,0.859446,0.052169,0.014278,0.792999,0.7,3.6000000000001364,0.699999999997658,0.10433869058537233,0.7408293094146277,3.0714285714269964
train,EUR_JPY,DOWN,2024-07-24 23:05:00,2024-07-24 23:10:00,SL_INITIAL_NO_TP,0.203786,0.0,-1.0,0.122678,0.032693,-1.155371,0.5,0.899999999998613,0.49999999999954525,0.1423061446810948,-1.1749991446810948,1.3999999999981583
train,EUR_JPY,DOWN,2024-07-25 09:05:00,2024-07-25 09:45:00,SL_INITIAL_NO_TP,0.221241,0.0,3.04974,0.112999,0.030143,2.906598,0.5,0.40000000000190994,0.7000000000005002,0.11751890472391692,2.902078095276083,1.1000000000024102
train,GBP_JPY,DOWN,2024-07-25 09:05:00,2024-07-25 09:50:00,SL_INITIAL_NO_TP,0.286037,0.0,2.878918,0.101385,0.027742,2.749791,0.7,0.699999999997658,2.000000000001023,0.1468341508265952,2.704341849173405,1.9285714285704867
train,EUR_JPY,DOWN,2024-07-25 10:35:00,2024-07-25 11:20:00,SL_INITIAL_NO_TP,0.235469,0.0,0.371575,0.106171,0.028153,0.237251,0.5,0.7999999999981355,0.39999999999906777,0.11466477540556094,0.228757224594439,1.1999999999972033
train,GBP_JPY,DOWN,2024-07-25 11:15:00,2024-07-25 12:30:00,SL_INITIAL_NO_TP,0.27806,0.0,1.715126,0.104294,0.028327,1.582505,0.7,0.7000000000005002,1.099999999999568,0.1186794217075476,1.5681195782924524,1.2857142857143344
train,EUR_JPY,DOWN,2024-07-25 12:10:00,2024-07-25 14:05:00,SL_INITIAL_NO_TP,0.400132,0.0,-1.0,0.062479,0.016509,-1.078988,0.5,0.9999999999990905,0.49999999999954525,0.07497525816477152,-1.0914842581647717,1.4999999999986358
train,GBP_JPY,DOWN,2024-07-25 12:55:00,2024-07-25 13:55:00,SL_INITIAL_NO_TP,0.314291,0.0,-1.0,0.092271,0.024995,-1.117266,0.7,0.39999999999906777,0.40000000000190994,0.07318058741742454,-1.0981755874174246,0.5714285714292698
train,AUD_JPY,DOWN,2024-08-03 00:30:00,2024-08-03 00:40:00,SL_INITIAL_NO_TP,0.215598,0.0,-1.0,0.125233,0.017711,-1.142945,0.6,0.40000000000048885,0.6000000000000227,0.1159565487620716,-1.1336675487620715,0.8333333333337597
train,GBP_JPY,UP,2024-08-07 13:05:00,2024-08-07 13:35:00,SL_INITIAL_NO_TP,0.496856,0.0,0.756272,0.058367,0.015084,0.682821,0.7,1.300000000000523,0.9000000000014552,0.07446825639625923,0.6667197436037409,1.5714285714299845
train,GBP_JPY,UP,2024-08-09 08:05:00,2024-08-09 08:20:00,SL_INITIAL_NO_TP,0.330441,0.0,0.910271,0.087762,0.022749,0.799761,0.7,1.2999999999976808,2.000000000001023,0.1452604247051275,0.7422615752948726,2.3571428571419317
train,GBP_JPY,UP,2024-08-09 08:30:00,2024-08-09 09:05:00,SL_INITIAL_NO_TP,0.261114,0.0,-1.0,0.111062,0.028843,-1.139905,0.7,1.6999999999995907,1.300000000000523,0.17233851880788137,-1.2011815188078814,2.142857142857224
train,USD_JPY,UP,2024-08-16 00:10:00,2024-08-16 02:00:00,SL_INITIAL_NO_TP,0.096108,0.0,0.890312,0.218505,0.061976,0.609831,0.3,0.2999999999985903,0.20000000000095497,0.2080992217088635,0.6202367782911364,0.8333333333325754
train,AUD_JPY,UP,2024-08-16 00:40:00,2024-08-16 02:50:00,SL_INITIAL_NO_TP,0.108996,0.0,-1.0,0.247715,0.036239,-1.283954,0.6,0.39999999999906777,0.30000000000001137,0.20184226944099593,-1.2380812694409957,0.583333333332566
train,GBP_JPY,UP,2024-08-16 00:45:00,2024-08-16 06:25:00,SL_INITIAL_NO_TP,0.206037,0.0,1.98591,0.140751,0.037202,1.807957,0.7,0.40000000000190994,19.50000000000216,1.0386483981034509,0.9100596018965492,14.214285714288623
train,USD_JPY,UP,2024-08-16 05:05:00,2024-08-16 05:55:00,SL_INITIAL_NO_TP,0.077902,0.0,3.145095,0.269569,0.076553,2.798973,0.3,12.09999999999809,12.199999999998568,3.31185335421384,-0.2433113542138402,40.49999999999443
train,USD_JPY,UP,2024-08-16 06:10:00,2024-08-16 07:00:00,SL_INITIAL_NO_TP,0.087689,0.0,-1.0,0.239481,0.068151,-1.307632,0.3,13.2000000000005,12.5,3.101871386376912,-4.170022386376912,42.83333333333417
train,AUD_JPY,UP,2024-08-16 14:10:00,2024-08-16 16:05:00,SL_INITIAL_NO_TP,0.135015,0.0,0.69771,0.199977,0.029259,0.468473,0.6,0.40000000000048885,0.5000000000009663,0.17775802688600933,0.4906929731139908,0.7500000000012127
train,GBP_JPY,UP,2024-08-22 21:05:00,2024-08-22 21:30:00,SL_INITIAL_NO_TP,0.155167,0.0,-1.0,0.186896,0.049355,-1.236251,0.7,0.8000000000009777,3.900000000001569,0.3995694960914722,-1.4489244960914722,3.357142857144676
train,GBP_JPY,UP,2024-08-22 22:15:00,2024-08-22 22:50:00,SL_INITIAL_NO_TP,0.260869,0.0,0.669875,0.111167,0.029352,0.529357,0.7,0.9999999999990905,0.9999999999990905,0.13416695736167122,0.5063560426383287,1.4285714285701294
train,GBP_JPY,UP,2024-08-23 22:05:00,2024-08-23 22:55:00,SL_INITIAL_NO_TP,0.159547,0.0,2.085777,0.181765,0.048024,1.855989,0.7,0.7000000000005002,1.4000000000010004,0.22563883996574682,1.8121141600342534,1.500000000001072
train,USD_JPY,UP,2024-09-20 19:15:00,2024-09-20 20:30:00,SL_INITIAL_NO_TP,0.081835,0.0,6.459369,0.256613,0.070285,6.132471,0.3,0.1999999999981128,0.20000000000095497,0.23217449746429616,6.1569095025357035,0.666666666665113
train,EUR_JPY,UP,2024-09-20 19:15:00,2024-09-20 20:30:00,SL_INITIAL_NO_TP,0.091158,0.0,6.758431,0.274249,0.070404,6.413778,0.5,0.39999999999906777,0.49999999999954525,0.26327914170984584,6.4247478582901545,0.899999999998613
train,GBP_JPY,UP,2024-09-20 19:15:00,2024-09-20 20:35:00,SL_INITIAL_NO_TP,0.119097,0.0,6.031771,0.243498,0.064179,5.724093,0.7,0.6000000000000227,0.699999999997658,0.2351024794913122,5.732489520508688,0.928571428569772
train,USD_JPY,UP,2024-09-20 23:10:00,2024-09-21 00:40:00,SL_INITIAL_NO_TP,0.341467,0.0,-1.0,0.061499,0.0169,-1.078399,0.3,0.49999999999954525,0.8000000000009777,0.08199913900905571,-1.0988991390090557,2.1666666666675383
train,EUR_JPY,DOWN,2024-09-23 17:55:00,2024-09-23 18:15:00,SL_INITIAL_NO_TP,0.266174,0.0,-1.0,0.093923,0.023936,-1.117859,0.5,1.2000000000000455,0.2999999999985903,0.11270822845201392,-1.136644228452014,1.4999999999986358
train,AUD_JPY,DOWN,2024-09-28 02:10:00,2024-09-28 02:45:00,SL_INITIAL_NO_TP,0.158182,0.0,0.996377,0.170689,0.024893,0.800796,0.6,0.40000000000048885,0.30000000000001137,0.13908029990773288,0.832403700092267,0.5833333333337503
train,AUD_JPY,DOWN,2024-09-28 03:20:00,2024-09-28 03:45:00,SL_INITIAL_NO_TP,0.14662,0.0,0.459093,0.184149,0.026806,0.248138,0.6,0.6000000000000227,0.30000000000001137,0.16368844632383264,0.26859855367616736,0.7500000000000284
train,GBP_JPY,DOWN,2024-10-16 16:40:00,2024-10-16 16:50:00,SL_INITIAL_NO_TP,0.102855,0.0,-1.0,0.281951,0.075545,-1.357496,0.7,0.7000000000005002,0.6000000000000227,0.27222789363672384,-1.3477728936367237,0.9285714285718022
train,USD_JPY,DOWN,2024-11-29 09:45:00,2024-11-29 10:30:00,SL_INITIAL_NO_TP,0.114678,0.0,4.471772,0.183121,0.052568,4.236083,0.3,0.9000000000014552,0.49999999999954525,0.25288198259483075,4.166322017405169,2.333333333335001
train,USD_JPY,DOWN,2024-11-29 13:05:00,2024-11-29 13:30:00,SL_INITIAL_NO_TP,0.167484,0.0,0.836056,0.125385,0.035833,0.674837,0.3,0.5000000000023874,0.20000000000095497,0.13135583100495227,0.6688671689950477,1.1666666666722374
train,USD_JPY,DOWN,2024-11-29 16:05:00,2024-11-29 16:35:00,SL_INITIAL_NO_TP,0.135718,0.0,1.893394,0.154733,0.044191,1.694471,0.3,0.39999999999906777,0.20000000000095497,0.15473260731811717,1.6944703926818827,1.000000000000038
train,USD_JPY,DOWN,2024-11-30 04:10:00,2024-11-30 05:50:00,SL_INITIAL_NO_TP,0.123526,0.0,-1.0,0.170005,0.048445,-1.21845,0.3,0.1999999999981128,18.199999999998795,1.6109968751515398,-2.65944187515154,30.666666666661513
train,GBP_JPY,UP,2024-12-11 21:00:00,2024-12-11 22:35:00,SL_INITIAL_NO_TP,0.216249,0.0,0.0,0.134105,0.035961,-0.170066,0.7,0.8000000000009777,1.1000000000024102,0.1572261605835582,-0.1931871605835582,1.357142857145277
train,EUR_JPY,UP,2024-12-11 21:05:00,2024-12-11 21:25:00,SL_INITIAL_NO_TP,0.135566,0.0,0.637455,0.184412,0.0473,0.405743,0.5,0.5000000000023874,0.899999999998613,0.21391794402733727,0.3762370559726627,1.4000000000010004
train,AUD_JPY,UP,2024-12-11 21:05:00,2024-12-11 21:30:00,SL_INITIAL_NO_TP,0.086066,0.0,1.08063,0.313715,0.04506,0.721855,0.6,0.40000000000048885,0.40000000000048885,0.2672367717799105,0.7683332282200895,0.6666666666674814
train,AUD_JPY,UP,2024-12-11 21:55:00,2024-12-11 22:30:00,SL_INITIAL_NO_TP,0.065949,0.0,0.141307,0.409406,0.058853,-0.326952,0.6,0.39999999999906777,0.8000000000009777,0.409407269253521,-0.32695326925352103,1.000000000000038
train,USD_JPY,UP,2024-12-11 22:10:00,2024-12-11 22:30:00,SL_INITIAL_NO_TP,0.111398,0.0,-1.0,0.188513,0.054806,-1.243319,0.3,0.1999999999981128,0.39999999999906777,0.18851325876561345,-1.2433192587656134,0.999999999995301
train,AUD_JPY,UP,2024-12-12 09:05:00,2024-12-12 09:15:00,SL_INITIAL_NO_TP,0.05358,0.0,-1.0,0.503915,0.07252,-1.576435,0.6,0.40000000000048885,0.39999999999906777,0.4292646509890923,-1.5017846509890922,0.6666666666662973
train,AUD_JPY,UP,2024-12-12 12:30:00,2024-12-12 14:40:00,SL_INITIAL_NO_TP,0.135853,0.0,0.462939,0.198744,0.028778,0.235416,0.6,0.40000000000048885,0.39999999999906777,0.16930064113413443,0.2648603588658655,0.6666666666662973
train,AUD_JPY,UP,2024-12-12 14:50:00,2024-12-12 15:30:00,SL_INITIAL_NO_TP,0.066468,0.0,2.13861,0.406208,0.058888,1.673515,0.6,0.40000000000048885,0.40000000000048885,0.3460311728953749,1.733690827104625,0.6666666666674814
train,GBP_JPY,UP,2024-12-12 15:05:00,2024-12-12 17:35:00,SL_INITIAL_NO_TP,0.293924,0.0,-1.0,0.098665,0.02652,-1.125185,0.7,0.7999999999981355,1.2000000000000455,0.11907840121930094,-1.145598401219301,1.4285714285701294
train,AUD_JPY,UP,2024-12-12 15:45:00,2024-12-12 16:10:00,SL_INITIAL_NO_TP,0.037912,0.0,0.077597,0.71218,0.103282,-0.737864,0.6,0.40000000000048885,0.49999999999954525,0.6330449461911886,-0.6587299461911885,0.7500000000000284
train,USD_JPY,UP,2024-12-13 09:05:00,2024-12-13 09:55:00,SL_INITIAL_NO_TP,0.19647,0.0,0.864133,0.106887,0.03109,0.726156,0.3,0.30000000000143245,0.39999999999906777,0.11197638316284929,0.7210666168371508,1.1666666666675005
train,USD_JPY,UP,2024-12-13 12:15:00,2024-12-13 12:35:00,SL_INITIAL_NO_TP,0.066189,0.0,-1.0,0.317275,0.092456,-1.409732,0.3,0.1999999999981128,0.1999999999981128,0.2870567616969928,-1.3795127616969929,0.666666666660376
train,USD_JPY,UP,2024-12-13 13:10:00,2024-12-13 15:00:00,SL_INITIAL_NO_TP,0.142464,0.0,-1.0,0.147406,0.042964,-1.19037,0.3,0.20000000000095497,0.1999999999981128,0.13336702605563985,-1.1763310260556399,0.666666666665113
train,USD_JPY,UP,2024-12-13 17:05:00,2024-12-13 17:50:00,SL_INITIAL_NO_TP,0.089156,0.0,3.030423,0.235544,0.068572,2.726307,0.3,0.20000000000095497,0.20000000000095497,0.21310960563528084,2.748741394364719,0.66666666666985
train,USD_JPY,UP,2024-12-13 18:00:00,2024-12-13 18:25:00,SL_INITIAL_NO_TP,0.07095,0.0,1.000873,0.295982,0.086332,0.618559,0.3,0.1999999999981128,0.20000000000095497,0.267794221282462,0.6467467787175379,0.666666666665113
train,EUR_JPY,UP,2024-12-13 18:10:00,2024-12-13 19:35:00,SL_INITIAL_NO_TP,0.186622,0.0,2.913091,0.133961,0.034383,2.744747,0.5,0.39999999999906777,0.6000000000000227,0.1339606262926713,2.744747373707329,0.9999999999990905
train,USD_JPY,UP,2024-12-13 18:30:00,2024-12-13 19:00:00,SL_INITIAL_NO_TP,0.074381,0.0,2.522412,0.282331,0.082403,2.157678,0.3,0.1999999999981128,0.20000000000095497,0.255441577822168,2.1845674221778317,0.666666666665113
train,EUR_JPY,UP,2024-12-13 19:50:00,2024-12-13 20:10:00,SL_INITIAL_NO_TP,0.084241,0.0,1.061136,0.296767,0.076389,0.68798,0.5,0.6000000000000227,0.39999999999906777,0.29676760722202855,0.6879793927779715,0.9999999999990905
train,USD_JPY,UP,2024-12-13 20:10:00,2024-12-13 21:05:00,SL_INITIAL_NO_TP,0.096497,0.0,0.857444,0.217623,0.063633,0.576189,0.3,0.20000000000095497,0.49999999999954525,0.2279863622703815,0.5658246377296186,1.1666666666675005
train,EUR_JPY,UP,2024-12-13 20:40:00,2024-12-13 21:10:00,SL_INITIAL_NO_TP,0.08424,0.0,0.351197,0.296771,0.076491,-0.022064,0.5,0.40000000000190994,0.5000000000023874,0.28490028490079505,-0.010194284900795075,0.9000000000042974
train,EUR_JPY,UP,2024-12-13 22:05:00,2024-12-13 22:30:00,SL_INITIAL_NO_TP,0.176554,0.0,-1.0,0.1416,0.036579,-1.178179,0.5,0.6000000000000227,0.49999999999954525,0.14726372667849882,-1.1838427266784988,1.099999999999568
train,USD_JPY,UP,2024-12-14 00:05:00,2024-12-14 01:10:00,SL_INITIAL_NO_TP,0.101808,0.0,0.655375,0.20627,0.060328,0.388778,0.3,0.1999999999981128,0.20000000000095497,0.18662580543759505,0.408421194562405,0.666666666665113
train,USD_JPY,UP,2024-12-14 01:20:00,2024-12-14 02:25:00,SL_INITIAL_NO_TP,0.133306,0.0,0.861583,0.157532,0.046103,0.657948,0.3,0.1999999999981128,0.20000000000095497,0.14252921848972047,0.6729507815102795,0.666666666665113
train,USD_JPY,UP,2024-12-19 14:05:00,2024-12-19 14:30:00,SL_INITIAL_NO_TP,0.134431,0.0,0.31809,0.156214,0.046221,0.115655,0.3,0.1999999999981128,0.20000000000095497,0.14133644769428685,0.13053255230571315,0.666666666665113
train,USD_JPY,UP,2024-12-19 15:10:00,2024-12-19 15:15:00,SL_INITIAL_NO_TP,0.104959,0.0,-1.0,0.200078,0.05919,-1.259269,0.3,0.1999999999981128,0.1999999999981128,0.18102306614927977,-1.2402130661492798,0.666666666660376
train,USD_JPY,UP,2024-12-19 16:05:00,2024-12-19 17:45:00,SL_INITIAL_NO_TP,0.486985,0.0,0.856459,0.043123,0.012851,0.800485,0.3,0.6000000000000227,0.39999999999906777,0.05133628345840407,0.792271716541596,1.6666666666651508
train,USD_JPY,UP,2024-12-19 17:55:00,2024-12-19 22:40:00,SL_INITIAL_NO_TP,0.328793,0.0,-1.0,0.06387,0.019085,-1.082955,0.3,0.7000000000005002,1.6999999999995907,0.11861566395878534,-1.1377006639587854,4.000000000000152
train,USD_JPY,UP,2024-12-19 23:20:00,2024-12-20 00:30:00,SL_INITIAL_NO_TP,0.272166,0.0,0.782262,0.077159,0.023095,0.682008,0.3,0.1999999999981128,0.39999999999906777,0.0771587927954697,0.6820082072045304,0.999999999995301
train,USD_JPY,UP,2024-12-20 01:20:00,2024-12-20 02:00:00,SL_INITIAL_NO_TP,0.086631,0.0,0.0,0.242407,0.072789,-0.315196,0.3,0.20000000000095497,0.1999999999981128,0.21932102826921862,-0.2921100282692186,0.666666666665113
train,USD_JPY,UP,2024-12-20 09:05:00,2024-12-20 10:05:00,SL_INITIAL_NO_TP,0.22724,0.0,-1.0,0.092413,0.027774,-1.120187,0.3,0.6000000000000227,0.49999999999954525,0.11441647597252104,-1.142190475972521,1.8333333333326134
train,GBP_JPY,DOWN,2025-01-08 21:40:00,2025-01-08 22:15:00,SL_INITIAL_NO_TP,0.248112,0.0,0.420783,0.116883,0.031534,0.272366,0.7,1.8000000000000682,1.2000000000000455,0.18136970400464764,0.20787929599535238,2.142857142857224
train,GBP_JPY,DOWN,2025-01-08 22:30:00,2025-01-09 01:50:00,SL_INITIAL_NO_TP,0.443411,0.0,-1.0,0.065402,0.017621,-1.083023,0.7,5.19999999999925,0.8000000000009777,0.16914330045939832,-1.1867643004593984,4.285714285714448
train,GBP_JPY,DOWN,2025-01-09 12:05:00,2025-01-09 13:25:00,SL_INITIAL_NO_TP,0.156456,0.0,3.772045,0.185356,0.049929,3.53676,0.7,0.9000000000014552,0.9000000000014552,0.2109219205401461,3.5111940794598535,1.2857142857163646
train,GBP_JPY,DOWN,2025-01-09 15:10:00,2025-01-09 16:05:00,SL_INITIAL_NO_TP,0.271505,0.0,0.699424,0.106812,0.028691,0.563921,0.7,1.099999999999568,0.899999999998613,0.1289110697776535,0.5418219302223466,1.4285714285701294
train,GBP_JPY,DOWN,2025-01-09 16:15:00,2025-01-09 16:50:00,SL_INITIAL_NO_TP,0.245661,0.0,2.028558,0.118049,0.031657,1.878852,0.7,2.199999999999136,0.899999999998613,0.1872499094279413,1.8096510905720584,2.2142857142841064
train,GBP_JPY,DOWN,2025-01-09 19:05:00,2025-01-09 19:50:00,SL_INITIAL_NO_TP,0.19178,0.0,1.06628,0.151215,0.040482,0.874583,0.7,0.9000000000014552,1.3999999999981583,0.19814370633014983,0.82765429366985,1.6428571428568668
train,GBP_JPY,DOWN,2025-01-09 21:10:00,2025-01-09 21:45:00,SL_INITIAL_NO_TP,0.213108,0.0,0.868422,0.136081,0.036401,0.69594,0.7,0.899999999998613,0.9000000000014552,0.1548510614336425,0.6771699385663575,1.2857142857143344
train,USD_JPY,DOWN,2025-01-10 19:20:00,2025-01-10 19:35:00,SL_INITIAL_NO_TP,0.116754,0.0,-1.0,0.179866,0.05409,-1.233956,0.3,0.20000000000095497,0.1999999999981128,0.1627353238432146,-1.2168253238432145,0.666666666665113
train,GBP_JPY,DOWN,2025-01-10 23:35:00,2025-01-11 00:40:00,SL_INITIAL_NO_TP,0.618307,0.0,0.698783,0.046902,0.012511,0.639369,0.7,1.8000000000000682,1.5999999999991132,0.0792486580290888,0.6070233419709112,2.428571428570844
train,USD_JPY,DOWN,2025-01-11 00:05:00,2025-01-11 05:55:00,WEEKEND_NO_TP,0.5598,0.0,-0.335834,0.028582,0.011271,-0.375687,0.3,0.49999999999954525,19.10000000000025,0.3679885673454769,-0.715093567345477,32.66666666666633
train,GBP_JPY,DOWN,2025-01-11 01:40:00,2025-01-11 02:05:00,SL_INITIAL_NO_TP,0.187658,0.0,-1.0,0.154537,0.041021,-1.195558,0.7,0.9000000000014552,0.899999999998613,0.17585181553677798,-1.2168728155367778,1.2857142857143344
train,AUD_JPY,UP,2025-01-18 01:15:00,2025-01-18 01:35:00,SL_INITIAL_NO_TP,0.097398,0.0,0.28301,0.277213,0.039862,-0.034064,0.6,0.49999999999954525,0.5000000000009663,0.25667878190522514,-0.013530781905225157,0.8333333333337597
train,AUD_JPY,UP,2025-01-18 01:50:00,2025-01-18 01:55:00,SL_INITIAL_NO_TP,0.056519,0.0,-1.0,0.477718,0.068709,-1.546427,0.6,0.49999999999954525,0.49999999999954525,0.44232912825759313,-1.511038128257593,0.8333333333325754
train,USD_JPY,UP,2025-01-21 11:00:00,2025-01-21 11:25:00,SL_INITIAL_NO_TP,0.170438,0.0,-1.0,0.123212,0.03645,-1.159662,0.3,0.2999999999985903,0.899999999998613,0.15841537685241572,-1.1948653768524158,1.9999999999953388
train,USD_JPY,UP,2025-01-23 00:05:00,2025-01-23 00:35:00,SL_INITIAL_NO_TP,0.127462,0.0,0.657688,0.164755,0.048994,0.44394,0.3,0.5000000000023874,0.1999999999981128,0.1726004613139995,0.43609353868600054,1.1666666666675005
train,USD_JPY,UP,2025-01-23 01:10:00,2025-01-23 02:35:00,SL_INITIAL_NO_TP,0.14319,0.0,1.205878,0.146659,0.043709,1.01551,0.3,0.20000000000095497,0.20000000000095497,0.13269083036538235,1.0294781696346176,0.66666666666985
train,USD_JPY,UP,2025-01-23 14:05:00,2025-01-23 14:55:00,SL_INITIAL_NO_TP,0.083111,0.0,0.577649,0.252673,0.075392,0.249584,0.3,0.39999999999906777,0.1999999999981128,0.2526741345907498,0.24958286540925018,0.999999999995301
train,GBP_JPY,UP,2025-02-04 06:20:00,2025-02-04 06:45:00,SL_INITIAL_NO_TP,0.304149,0.0,1.32905,0.095348,0.025278,1.208425,0.7,27.09999999999866,25.0,1.7622941387280135,-0.4585221387280135,37.214285714284756
train,AUD_JPY,UP,2025-02-04 06:20:00,2025-02-04 07:10:00,SL_INITIAL_NO_TP,0.224029,0.0,2.010932,0.12052,0.017128,1.873284,0.6,14.400000000000546,12.099999999999511,1.2498381905913991,0.7439658094086008,22.083333333333382
train,GBP_JPY,UP,2025-02-04 07:10:00,2025-02-04 07:45:00,SL_INITIAL_NO_TP,0.116516,0.0,1.00738,0.248893,0.066124,0.692364,0.7,23.999999999998067,24.00000000000091,4.248343575131225,-3.3070875751312245,34.28571428571356
train,GBP_JPY,UP,2025-02-04 08:05:00,2025-02-04 10:50:00,SL_INITIAL_NO_TP,0.465585,0.0,-1.0,0.062287,0.016589,-1.078876,0.7,24.900000000002365,0.9000000000014552,0.5863590966204628,-1.6029480966204628,18.42857142857416
train,AUD_JPY,UP,2025-02-04 08:05:00,2025-02-04 10:05:00,SL_INITIAL_NO_TP,0.251372,0.0,-1.0,0.10741,0.015378,-1.122788,0.6,12.399999999999523,0.49999999999954525,0.5728561653644427,-1.5882341653644427,10.749999999999224
train,AUD_JPY,UP,2025-02-05 00:05:00,2025-02-05 00:10:00,SL_INITIAL_NO_TP,0.044536,0.0,-1.0,0.606254,0.086642,-1.692896,0.6,0.7000000000005002,0.7000000000005002,0.6511586132569158,-1.737800613256916,1.1666666666675005
train,AUD_JPY,UP,2025-02-05 01:25:00,2025-02-05 02:15:00,SL_INITIAL_NO_TP,0.107892,0.0,-1.0,0.250251,0.035854,-1.286105,0.6,0.49999999999954525,0.49999999999954525,0.23171319467607332,-1.2675671946760734,0.8333333333325754
train,USD_JPY,DOWN,2025-02-08 00:05:00,2025-02-08 00:40:00,SL_INITIAL_NO_TP,0.372902,0.0,-1.0,0.056315,0.016239,-1.072555,0.3,1.2000000000000455,0.2999999999985903,0.08045009144490069,-1.0966890914449006,2.4999999999977263
train,USD_JPY,DOWN,2025-02-08 01:10:00,2025-02-08 01:45:00,SL_INITIAL_NO_TP,0.316828,0.0,0.580654,0.066282,0.019111,0.495261,0.3,0.49999999999954525,0.8000000000009777,0.0883760273713347,0.4731669726286653,2.1666666666675383
train,USD_JPY,DOWN,2025-02-08 01:55:00,2025-02-08 02:15:00,SL_INITIAL_NO_TP,0.197982,0.0,-1.0,0.10607,0.030569,-1.13664,0.3,0.20000000000095497,0.20000000000095497,0.09596832035245173,-1.1265373203524518,0.66666666666985
train,USD_JPY,UP,2025-02-13 00:10:00,2025-02-13 00:40:00,SL_INITIAL_NO_TP,0.218673,0.0,-1.0,0.096034,0.028271,-1.124305,0.3,0.20000000000095497,0.40000000000190994,0.09603380389910345,-1.1243048038991035,1.0000000000047748
train,USD_JPY,UP,2025-02-13 01:20:00,2025-02-13 02:00:00,SL_INITIAL_NO_TP,0.282091,0.0,-1.0,0.074444,0.021947,-1.096391,0.3,0.20000000000095497,0.20000000000095497,0.06735415167452737,-1.0893011516745272,0.66666666666985
train,USD_JPY,DOWN,2025-03-20 04:50:00,2025-03-20 05:30:00,SL_INITIAL_NO_TP,0.16711,0.0,0.875588,0.125666,0.035643,0.71428,0.3,0.20000000000095497,0.1999999999981128,0.11369756447843143,0.7262474355215686,0.666666666665113
train,USD_JPY,DOWN,2025-03-20 05:40:00,2025-03-20 06:00:00,SL_INITIAL_NO_TP,0.087026,0.0,0.425054,0.241306,0.06837,0.115377,0.3,9.100000000000819,9.300000000001774,2.2866729483145947,-1.9299889483145947,30.666666666670988
train,USD_JPY,DOWN,2025-03-20 08:15:00,2025-03-20 09:15:00,SL_INITIAL_NO_TP,0.111695,0.0,2.414041,0.188012,0.05325,2.172778,0.3,9.100000000000819,0.20000000000095497,0.9669188414881394,1.3938721585118607,15.500000000002956
train,USD_JPY,DOWN,2025-03-20 09:25:00,2025-03-20 10:05:00,SL_INITIAL_NO_TP,0.055979,0.0,3.044679,0.37514,0.106118,2.563421,0.3,0.20000000000095497,0.1999999999981128,0.3394129941583572,2.5991480058416427,0.666666666665113
train,USD_JPY,DOWN,2025-03-20 10:20:00,2025-03-20 16:20:00,SL_INITIAL_NO_TP,0.153361,0.0,-1.0,0.136932,0.038685,-1.175617,0.3,0.1999999999981128,0.20000000000095497,0.12389068928861104,-1.1625756892886112,0.666666666665113
validation,USD_JPY,DOWN,2025-04-03 10:05:00,2025-04-03 10:50:00,SL_INITIAL_NO_TP,0.198841,0.0,1.219235,0.105612,0.029775,1.083849,0.3,0.7000000000005002,0.6000000000000227,0.1408160288874288,1.0486439711125712,2.1666666666675383
validation,USD_JPY,DOWN,2025-04-03 11:10:00,2025-04-03 13:00:00,SL_INITIAL_NO_TP,0.376004,0.0,0.895402,0.055851,0.015706,0.823845,0.3,0.20000000000095497,0.40000000000190994,0.0558504696759307,0.8238455303240694,1.0000000000047748
validation,AUD_JPY,DOWN,2025-04-03 12:05:00,2025-04-03 13:10:00,SL_INITIAL_NO_TP,0.263509,0.0,0.729143,0.102463,0.014063,0.612617,0.6,0.8000000000009777,0.49999999999954525,0.10625823026919472,0.6088217697308053,1.0833333333337691
validation,USD_JPY,DOWN,2025-04-03 14:10:00,2025-04-03 14:40:00,SL_INITIAL_NO_TP,0.20758,0.0,1.847858,0.101166,0.028423,1.718269,0.3,0.20000000000095497,0.49999999999954525,0.10598323537915504,1.713451764620845,1.1666666666675005
validation,USD_JPY,DOWN,2025-04-03 14:45:00,2025-04-03 15:15:00,SL_INITIAL_NO_TP,0.169247,0.0,-1.0,0.124079,0.034751,-1.158831,0.3,0.30000000000143245,0.7000000000005002,0.1477131056977041,-1.182464105697704,1.666666666669888
validation,USD_JPY,DOWN,2025-04-03 16:10:00,2025-04-03 16:20:00,SL_INITIAL_NO_TP,0.146217,0.0,-1.0,0.143622,0.040286,-1.183907,0.3,0.7999999999981355,0.1999999999981128,0.17097875076059885,-1.211264750760599,1.666666666660414
validation,USD_JPY,DOWN,2025-04-03 17:20:00,2025-04-03 18:00:00,SL_INITIAL_NO_TP,0.317017,0.0,0.934337,0.066242,0.018565,0.84953,0.3,0.30000000000143245,0.20000000000095497,0.06308809937644945,0.8526839006235505,0.8333333333373124
validation,USD_JPY,DOWN,2025-04-03 18:05:00,2025-04-03 18:35:00,SL_INITIAL_NO_TP,0.308515,0.0,0.181213,0.068068,0.019014,0.094131,0.3,0.49999999999954525,1.0000000000019327,0.09724000453791479,0.06495899546208522,2.5000000000024634
validation,USD_JPY,DOWN,2025-04-03 18:50:00,2025-04-03 19:30:00,SL_INITIAL_NO_TP,0.165195,0.0,0.458173,0.127123,0.035483,0.295568,0.3,0.1999999999981128,0.1999999999981128,0.11501558763862256,0.30767441236137744,0.666666666660376
validation,USD_JPY,DOWN,2025-04-03 21:10:00,2025-04-03 21:40:00,SL_INITIAL_NO_TP,0.168856,0.0,0.772644,0.124366,0.034648,0.61363,0.3,0.20000000000095497,0.39999999999906777,0.12436632396835307,0.6136296760316469,1.000000000000038
validation,USD_JPY,DOWN,2025-04-03 22:05:00,2025-04-03 23:15:00,SL_INITIAL_NO_TP,0.401862,0.0,0.293501,0.052257,0.014511,0.226733,0.3,1.2000000000000455,0.899999999998613,0.08958299117604199,0.18940700882395803,3.4999999999977645
validation,AUD_JPY,DOWN,2025-04-04 07:05:00,2025-04-04 07:30:00,SL_INITIAL_NO_TP,0.062011,0.0,4.11332,0.435407,0.059624,3.618289,0.6,5.999999999998806,6.000000000000227,2.1770331070292426,1.8766628929707574,9.999999999999195
validation,AUD_JPY,DOWN,2025-04-04 11:15:00,2025-04-04 12:40:00,SL_INITIAL_NO_TP,0.159571,0.0,6.144576,0.169203,0.023105,5.952268,0.6,0.49999999999954525,0.49999999999954525,0.15667007162949975,5.9648009283705,0.8333333333325754
validation,AUD_JPY,DOWN,2025-04-04 12:55:00,2025-04-04 13:30:00,SL_INITIAL_NO_TP,0.215594,0.0,0.578763,0.125235,0.016903,0.436624,0.6,0.5000000000009663,0.49999999999954525,0.11595870014937854,0.4459012998506215,0.8333333333337597
validation,AUD_JPY,DOWN,2025-04-04 13:40:00,2025-04-04 14:05:00,SL_INITIAL_NO_TP,0.194184,0.0,0.824199,0.139044,0.018723,0.666432,0.6,0.5000000000009663,0.5000000000009663,0.12874387179180224,0.6767321282081977,0.833333333334944
validation,EUR_JPY,DOWN,2025-04-04 19:05:00,2025-04-04 20:20:00,SL_INITIAL_NO_TP,0.626471,0.0,0.176333,0.039906,0.010238,0.126189,0.5,1.500000000001478,1.4000000000010004,0.07023469562042742,0.09586030437957258,2.9000000000024784
validation,USD_JPY,DOWN,2025-04-04 19:10:00,2025-04-04 19:40:00,SL_INITIAL_NO_TP,0.51711,0.0,0.905952,0.04061,0.011287,0.854055,0.3,0.7000000000005002,1.2000000000000455,0.06575003384193974,0.8289149661580602,3.1666666666675765
validation,AUD_JPY,DOWN,2025-04-04 19:10:00,2025-04-04 20:00:00,SL_INITIAL_NO_TP,0.463825,0.0,2.195016,0.058212,0.007794,2.129011,0.6,1.300000000000523,3.700000000000614,0.14013906106831536,2.0470829389316845,4.166666666667615
validation,USD_JPY,DOWN,2025-04-04 20:05:00,2025-04-04 20:55:00,SL_INITIAL_NO_TP,0.467245,0.0,-1.0,0.044944,0.012414,-1.057358,0.3,0.30000000000143245,1.4000000000010004,0.06848655416328549,-1.0809005541632855,2.8333333333373885
validation,AUD_JPY,DOWN,2025-04-04 20:05:00,2025-04-04 20:35:00,SL_INITIAL_NO_TP,0.489786,0.0,1.516765,0.055126,0.007275,1.454365,0.6,1.6000000000005343,1.2000000000000455,0.0877934444839293,1.4216965555160708,2.3333333333338167
validation,EUR_JPY,DOWN,2025-04-04 23:25:00,2025-04-04 23:50:00,SL_INITIAL_NO_TP,0.512926,0.0,0.649912,0.04874,0.012467,0.588705,0.5,2.9000000000024784,1.999999999998181,0.12477433391952561,0.5126706660804744,4.900000000000659
validation,AUD_JPY,DOWN,2025-04-04 23:25:00,2025-04-04 23:50:00,SL_INITIAL_NO_TP,0.576969,0.0,0.515488,0.046796,0.006119,0.462573,0.6,1.9000000000005457,2.80000000000058,0.10745811300089131,0.40191088699910865,3.916666666667605
validation,USD_JPY,DOWN,2025-04-21 16:05:00,2025-04-21 17:05:00,SL_INITIAL_NO_TP,0.167274,0.0,0.609038,0.125542,0.033651,0.449845,0.3,0.49999999999954525,0.20000000000095497,0.131520738429194,0.443866261570806,1.1666666666675005
validation,USD_JPY,DOWN,2025-04-21 18:25:00,2025-04-21 19:00:00,SL_INITIAL_NO_TP,0.088457,0.0,-1.0,0.237404,0.063584,-1.300989,0.3,0.20000000000095497,0.20000000000095497,0.21479362854289769,-1.2783776285428978,0.66666666666985
validation,USD_JPY,DOWN,2025-04-22 12:05:00,2025-04-22 17:40:00,SL_INITIAL_NO_TP,0.412094,0.0,-1.0,0.050959,0.013608,-1.064568,0.3,0.8000000000009777,0.1999999999981128,0.060665770430996094,-1.0742737704309961,1.6666666666651508
validation,AUD_JPY,DOWN,2025-04-22 14:10:00,2025-04-22 14:40:00,SL_INITIAL_NO_TP,0.113176,0.0,0.814665,0.238567,0.031862,0.544236,0.6,0.49999999999954525,0.49999999999954525,0.22089488937575905,0.561908110624241,0.8333333333325754
validation,AUD_JPY,DOWN,2025-04-22 14:45:00,2025-04-22 15:00:00,SL_INITIAL_NO_TP,0.130005,0.0,-1.0,0.207685,0.027686,-1.23537,0.6,0.49999999999954525,0.49999999999954525,0.19230029614238608,-1.2199862961423862,0.8333333333325754
validation,AUD_JPY,DOWN,2025-04-22 18:20:00,2025-04-22 19:10:00,SL_INITIAL_NO_TP,0.129829,0.0,0.719584,0.207967,0.027717,0.4839,0.6,0.49999999999954525,0.6000000000000227,0.2002634234261658,0.49160357657383424,0.9166666666663067
validation,AUD_JPY,DOWN,2025-04-22 19:20:00,2025-04-22 20:25:00,SL_INITIAL_NO_TP,0.12413,0.0,0.464994,0.217514,0.028942,0.218538,0.6,0.49999999999954525,0.49999999999954525,0.201401756223241,0.23465024377675905,0.8333333333325754
validation,AUD_JPY,DOWN,2025-04-22 20:30:00,2025-04-22 21:20:00,SL_INITIAL_NO_TP,0.100879,0.0,-1.0,0.267648,0.035573,-1.303221,0.6,0.49999999999954525,0.49999999999954525,0.24782164771648119,-1.2833946477164813,0.8333333333325754
validation,USD_JPY,DOWN,2025-05-24 03:05:00,2025-05-24 05:55:00,WEEKEND_NO_TP,0.126999,0.0,-0.637799,0.125985,0.044892,-0.808676,0.3,0.1999999999981128,8.799999999999386,0.7874077748641721,-1.470098774864172,14.999999999995833
validation,AUD_JPY,DOWN,2025-05-28 11:50:00,2025-05-28 12:15:00,SL_INITIAL_NO_TP,0.068118,0.0,-1.0,0.39637,0.054653,-1.451023,0.6,0.49999999999954525,0.49999999999954525,0.367010188202691,-1.421663188202691,0.8333333333325754
validation,USD_JPY,UP,2025-05-29 09:45:00,2025-05-29 11:40:00,SL_INITIAL_NO_TP,0.35737,0.0,-1.0,0.058763,0.016347,-1.075109,0.3,0.30000000000143245,0.20000000000095497,0.05596440663744543,-1.0723114066374455,0.8333333333373124
validation,AUD_JPY,DOWN,2025-05-30 08:20:00,2025-05-30 08:50:00,SL_INITIAL_NO_TP,0.064961,0.0,1.782497,0.415635,0.057173,1.309689,0.6,6.100000000000705,6.099999999999284,2.108957682301687,-0.38363368230168693,10.166666666666657
validation,AUD_JPY,DOWN,2025-05-30 08:55:00,2025-05-30 09:50:00,SL_INITIAL_NO_TP,0.100321,0.0,-1.0,0.269136,0.036949,-1.306085,0.6,6.099999999999284,0.5000000000009663,0.8074082196150607,-1.8443572196150606,5.500000000000209
validation,AUD_JPY,DOWN,2025-05-30 10:05:00,2025-05-30 21:25:00,SL_INITIAL_NO_TP,0.258848,0.0,1.266486,0.104308,0.014299,1.147878,0.6,1.7000000000010118,0.49999999999954525,0.14294103102981506,1.1092459689701848,1.8333333333337976
validation,AUD_JPY,DOWN,2025-05-30 21:30:00,2025-05-30 21:45:00,SL_INITIAL_NO_TP,0.084604,0.0,-1.0,0.319132,0.043617,-1.36275,0.6,1.099999999999568,0.49999999999954525,0.36641293555849763,-1.4100299355584978,1.3333333333325945
validation,AUD_JPY,DOWN,2025-06-10 16:00:00,2025-06-10 17:30:00,SL_INITIAL_NO_TP,0.128688,0.0,-1.0,0.20981,0.029222,-1.239033,0.6,0.49999999999954525,0.49999999999954525,0.19426830784526067,-1.2234903078452608,0.8333333333325754
validation,USD_JPY,DOWN,2025-06-11 22:50:00,2025-06-12 00:45:00,SL_INITIAL_NO_TP,0.297215,0.0,1.229205,0.070656,0.019513,1.139036,0.3,0.1999999999981128,0.20000000000095497,0.06392678700600803,1.1457652129939921,0.666666666665113
validation,USD_JPY,DOWN,2025-06-12 00:50:00,2025-06-12 08:10:00,SL_INITIAL_NO_TP,0.191315,0.0,1.329333,0.109767,0.030215,1.189351,0.3,0.20000000000095497,8.899999999999864,0.5540600580195394,0.7450579419804607,15.166666666668032
validation,AUD_JPY,DOWN,2025-06-12 03:05:00,2025-06-12 03:25:00,SL_INITIAL_NO_TP,0.160083,0.0,0.798516,0.168663,0.023513,0.606341,0.6,0.5000000000009663,0.49999999999954525,0.15616898733785045,0.6188340126621495,0.8333333333337597
validation,AUD_JPY,DOWN,2025-06-12 03:30:00,2025-06-12 04:30:00,SL_INITIAL_NO_TP,0.079197,0.0,0.0,0.340921,0.047481,-0.388402,0.6,0.49999999999954525,0.49999999999954525,0.3156685227974659,-0.3631495227974659,0.8333333333325754
validation,AUD_JPY,DOWN,2025-06-12 07:05:00,2025-06-12 10:50:00,SL_INITIAL_NO_TP,0.118304,0.0,4.649398,0.228226,0.031757,4.389415,0.6,6.100000000000705,0.49999999999954525,0.6846767649445707,3.932964235055429,5.500000000000209
validation,USD_JPY,DOWN,2025-06-12 08:15:00,2025-06-12 08:50:00,SL_INITIAL_NO_TP,0.088612,0.0,0.0,0.236989,0.065135,-0.302124,0.3,8.899999999999864,8.899999999999864,2.1780345777095347,-2.243169577709535,29.666666666666213
validation,USD_JPY,DOWN,2025-06-12 09:15:00,2025-06-12 09:35:00,SL_INITIAL_NO_TP,0.138688,0.0,0.674387,0.151419,0.041609,0.481358,0.3,0.1999999999981128,0.20000000000095497,0.1369981541300666,0.4957798458699334,0.666666666665113
validation,USD_JPY,DOWN,2025-06-12 09:50:00,2025-06-12 10:30:00,SL_INITIAL_NO_TP,0.118689,0.0,1.117626,0.176933,0.048544,0.892149,0.3,0.40000000000190994,0.39999999999906777,0.1937837541811775,0.8752982458188224,1.3333333333349628
validation,USD_JPY,DOWN,2025-06-12 14:15:00,2025-06-12 15:00:00,SL_INITIAL_NO_TP,0.065698,0.0,2.471428,0.319644,0.087646,2.064138,0.3,0.20000000000095497,0.20000000000095497,0.2892021066093199,2.09457989339068,0.66666666666985
validation,AUD_JPY,DOWN,2025-06-12 16:15:00,2025-06-12 17:10:00,SL_INITIAL_NO_TP,0.047322,0.0,4.955619,0.570558,0.079059,4.306001,0.6,0.49999999999954525,0.49999999999954525,0.528295507374813,4.348264492625187,0.8333333333325754
validation,AUD_JPY,DOWN,2025-06-12 17:25:00,2025-06-12 17:40:00,SL_INITIAL_NO_TP,0.101062,0.0,-1.0,0.267162,0.036918,-1.304079,0.6,0.5000000000009663,0.49999999999954525,0.24737289980413127,-1.2842908998041314,0.8333333333337597
validation,USD_JPY,DOWN,2025-06-12 18:10:00,2025-06-12 19:55:00,SL_INITIAL_NO_TP,0.220483,0.0,0.657374,0.095246,0.026072,0.536056,0.3,0.20000000000095497,0.20000000000095497,0.08617444428830838,0.5451275557116917,0.66666666666985
validation,USD_JPY,DOWN,2025-06-12 21:15:00,2025-06-12 21:45:00,SL_INITIAL_NO_TP,0.205198,0.0,1.419713,0.10234,0.027992,1.289381,0.3,0.20000000000095497,0.30000000000143245,0.09746683690885814,1.294254163091142,0.8333333333373124
validation,USD_JPY,DOWN,2025-06-13 08:10:00,2025-06-13 08:50:00,SL_INITIAL_NO_TP,0.105552,0.0,0.550846,0.198955,0.054351,0.29754,0.3,8.799999999999386,8.799999999999386,1.8095346369560759,-1.313039636956076,29.33333333333129
validation,USD_JPY,DOWN,2025-06-13 08:55:00,2025-06-13 09:10:00,SL_INITIAL_NO_TP,0.284143,0.0,0.522566,0.073907,0.02015,0.428509,0.3,8.799999999999386,0.39999999999906777,0.376570951950196,0.12584504804980395,15.333333333330756
validation,GBP_JPY,DOWN,2025-07-02 22:50:00,2025-07-02 23:10:00,SL_INITIAL_NO_TP,0.227831,0.0,0.663126,0.127287,0.034366,0.501473,0.7,0.899999999998613,0.9000000000014552,0.14484420469558876,0.4839157953044112,1.2857142857143344
validation,AUD_JPY,UP,2025-07-04 01:15:00,2025-07-04 04:50:00,SL_INITIAL_NO_TP,0.085367,0.0,-1.0,0.316282,0.044677,-1.360959,0.6,0.49999999999954525,0.49999999999954525,0.2928532102567843,-1.3375302102567843,0.8333333333325754
validation,GBP_JPY,UP,2025-07-04 01:20:00,2025-07-04 02:00:00,SL_INITIAL_NO_TP,0.11434,0.0,-1.0,0.253629,0.06928,-1.322909,0.7,0.899999999998613,0.9000000000014552,0.28861290886829355,-1.3578929088682936,1.2857142857143344
validation,USD_JPY,DOWN,2025-08-28 19:10:00,2025-08-28 20:10:00,SL_INITIAL_NO_TP,0.087919,0.0,2.274532,0.238856,0.06693,1.968747,0.3,0.20000000000095497,0.1999999999981128,0.21610800850772505,1.9914939914922754,0.666666666665113
validation,USD_JPY,DOWN,2025-08-29 02:05:00,2025-08-29 04:25:00,SL_INITIAL_NO_TP,0.207405,0.0,-1.0,0.101251,0.028289,-1.12954,0.3,0.20000000000095497,0.20000000000095497,0.0916082061667708,-1.119897206166771,0.66666666666985
validation,GBP_JPY,DOWN,2025-09-02 20:05:00,2025-09-02 20:25:00,SL_INITIAL_NO_TP,0.240296,0.0,-1.0,0.120685,0.033072,-1.153757,0.7,1.300000000000523,1.300000000000523,0.170622898425319,-1.203694898425319,1.8571428571436044
validation,USD_JPY,UP,2025-09-02 21:05:00,2025-09-02 21:30:00,SL_INITIAL_NO_TP,0.151729,0.0,0.977149,0.138404,0.039185,0.79956,0.3,0.20000000000095497,0.20000000000095497,0.12522325989111574,0.8127407401088843,0.66666666666985
validation,USD_JPY,UP,2025-09-02 21:35:00,2025-09-02 22:05:00,SL_INITIAL_NO_TP,0.176897,0.0,-1.0,0.118713,0.033663,-1.152376,0.3,0.6000000000000227,0.20000000000095497,0.13001916369418237,-1.1636821636941823,1.3333333333349628
validation,GBP_JPY,DOWN,2025-09-02 22:05:00,2025-09-02 22:45:00,SL_INITIAL_NO_TP,0.222272,0.0,-1.0,0.130471,0.035737,-1.166207,0.7,0.899999999998613,0.899999999998613,0.14846674344934252,-1.1842037434493424,1.2857142857123045
validation,GBP_JPY,DOWN,2025-09-02 23:05:00,2025-09-02 23:30:00,SL_INITIAL_NO_TP,0.170673,0.0,1.426299,0.169916,0.046569,1.209814,0.7,0.9000000000014552,0.899999999998613,0.19335219982071378,1.1863778001792862,1.2857142857143344
validation,GBP_JPY,DOWN,2025-09-02 23:55:00,2025-09-03 02:40:00,SL_INITIAL_NO_TP,0.264809,0.0,-1.0,0.109513,0.029968,-1.139481,0.7,0.9000000000014552,0.9000000000014552,0.12461812098542384,-1.1545861209854238,1.2857142857163646
validation,USD_JPY,UP,2025-09-03 16:05:00,2025-09-03 16:30:00,SL_INITIAL_NO_TP,0.185828,0.0,1.349146,0.113007,0.032021,1.204118,0.3,0.49999999999954525,0.2999999999985903,0.12377036829746516,1.1933546317025348,1.333333333330226
validation,USD_JPY,UP,2025-09-18 05:20:00,2025-09-18 08:10:00,SL_INITIAL_NO_TP,0.243614,0.0,-1.0,0.086202,0.02414,-1.110342,0.3,0.20000000000095497,1.099999999999568,0.11493592322282475,-1.139075923222825,2.1666666666675383
validation,USD_JPY,UP,2025-09-18 10:05:00,2025-09-18 15:20:00,SL_INITIAL_NO_TP,0.272972,0.0,1.510494,0.076931,0.021551,1.412012,0.3,0.1999999999981128,0.20000000000095497,0.06960420849021394,1.419338791509786,0.666666666665113
validation,USD_JPY,UP,2025-09-18 21:20:00,2025-09-18 21:40:00,SL_INITIAL_NO_TP,0.070833,0.0,2.167444,0.296473,0.083239,1.787732,0.3,0.20000000000095497,0.1999999999981128,0.2682365564071927,1.8159684435928074,0.666666666665113
validation,USD_JPY,UP,2025-09-18 22:05:00,2025-09-18 22:50:00,SL_INITIAL_NO_TP,0.119412,0.0,2.879915,0.175862,0.049526,2.654527,0.3,0.1999999999981128,0.1999999999981128,0.1591129869691677,2.671276013030832,0.666666666660376
validation,USD_JPY,UP,2025-09-19 21:15:00,2025-09-19 21:55:00,SL_INITIAL_NO_TP,0.085892,0.0,1.464271,0.244494,0.068952,1.150826,0.3,0.30000000000143245,0.20000000000095497,0.23285055651310801,1.1624684434868922,0.8333333333373124
validation,GBP_JPY,DOWN,2025-09-23 19:05:00,2025-09-23 19:15:00,SL_INITIAL_NO_TP,0.054407,0.0,-1.0,0.533024,0.146637,-1.679661,0.7,0.899999999998613,0.899999999998613,0.6065395996833544,-1.7531765996833542,1.2857142857123045
validation,AUD_JPY,DOWN,2025-10-10 17:05:00,2025-10-10 18:10:00,SL_INITIAL_NO_TP,0.121381,0.0,0.60104,0.22244,0.033012,0.345587,0.6,0.7000000000005002,0.7000000000005002,0.2389171287105066,0.3291108712894934,1.1666666666675005
validation,AUD_JPY,DOWN,2025-10-10 18:15:00,2025-10-10 18:25:00,SL_INITIAL_NO_TP,0.098384,0.0,-1.0,0.274435,0.040672,-1.315107,0.6,0.6999999999990791,0.6999999999990791,0.2947633761585378,-1.3354353761585378,1.166666666665132
validation,AUD_JPY,DOWN,2025-10-10 23:05:00,2025-10-10 23:25:00,SL_INITIAL_NO_TP,0.041279,0.0,1.465489,0.654082,0.09687,0.714536,0.6,0.7000000000005002,0.7000000000005002,0.7025363986533104,0.6660826013466896,1.1666666666675005
validation,AUD_JPY,DOWN,2025-10-10 23:30:00,2025-10-11 00:35:00,SL_INITIAL_NO_TP,0.110008,0.0,12.20274,0.245437,0.036308,11.920996,0.6,0.7000000000005002,1.3999999999995794,0.3272489273507454,11.839183072649256,1.7500000000000664
validation,AUD_JPY,DOWN,2025-10-11 00:40:00,2025-10-11 01:30:00,SL_INITIAL_NO_TP,0.153906,0.0,0.083561,0.175432,0.025664,-0.117535,0.6,0.7000000000005002,0.7000000000005002,0.18842670201298198,-0.13052970201298197,1.1666666666675005
validation,AUD_JPY,DOWN,2025-10-11 04:10:00,2025-10-11 04:40:00,SL_INITIAL_NO_TP,0.115879,0.0,0.1102,0.233002,0.033958,-0.156761,0.6,0.7000000000005002,0.6999999999990791,0.25026104816227096,-0.17401904816227093,1.1666666666663161
validation,AUD_JPY,DOWN,2025-10-11 05:45:00,2025-10-11 05:55:00,WEEKEND_NO_TP,0.060104,0.0,7.803132,0.366032,0.06548,7.37162,0.6,0.6999999999990791,6.999999999999318,1.44749101557274,6.29016098442726,6.416666666665331
validation,GBP_JPY,DOWN,2025-10-22 16:50:00,2025-10-22 17:30:00,SL_INITIAL_NO_TP,0.149707,0.0,1.40914,0.193711,0.05407,1.161359,0.7,1.099999999999568,1.099999999999568,0.24714943189023464,1.1079205681097652,1.5714285714279543
validation,GBP_JPY,DOWN,2025-10-22 17:35:00,2025-10-22 19:35:00,SL_INITIAL_NO_TP,0.159301,0.0,0.571764,0.182045,0.050746,0.338973,0.7,1.099999999999568,1.099999999999568,0.2322647064361891,0.2887532935638109,1.5714285714279543
validation,AUD_JPY,UP,2025-11-13 10:50:00,2025-11-13 11:00:00,SL_INITIAL_NO_TP,0.092934,0.0,-1.0,0.290527,0.043697,-1.334224,0.6,0.7000000000005002,0.7000000000005002,0.31204941141035575,-1.355746411410356,1.1666666666675005
validation,AUD_JPY,UP,2025-11-13 16:10:00,2025-11-13 16:30:00,SL_INITIAL_NO_TP,0.11458,0.0,0.462963,0.235642,0.035504,0.191817,0.6,0.6999999999990791,0.6999999999990791,0.2530982719495687,0.17436072805043132,1.166666666665132
validation,USD_JPY,DOWN,2025-11-14 22:50:00,2025-11-14 23:45:00,SL_INITIAL_NO_TP,0.158651,0.0,-1.0,0.132366,0.038852,-1.171218,0.3,0.5000000000023874,0.49999999999954525,0.15757858444018208,-1.196430584440182,1.666666666669888
forward,EUR_JPY,DOWN,2026-09-02 17:20:00,2026-09-02 18:00:00,SL_INITIAL_NO_TP,0.166642,0.0,-1.0,0.150022,0.044379,-1.194402,0.5,0.49999999999954525,0.49999999999954525,0.15002220328603175,-1.1944012032860316,0.9999999999990905
forward,EUR_JPY,DOWN,2026-09-03 10:05:00,2026-09-03 10:45:00,SL_INITIAL_NO_TP,0.144257,0.0,2.21667,0.173302,0.050983,1.992385,0.5,0.49999999999954525,0.49999999999954525,0.17330181550975624,1.992385184490244,0.9999999999990905
forward,GBP_JPY,DOWN,2026-09-03 10:05:00,2026-09-03 10:45:00,SL_INITIAL_NO_TP,0.176656,0.0,2.206637,0.164161,0.048452,1.994023,0.7,0.9000000000014552,0.899999999998613,0.18680373154605945,1.9713812684539407,1.2857142857143344
forward,EUR_JPY,DOWN,2026-09-03 12:05:00,2026-09-03 15:30:00,SL_INITIAL_NO_TP,0.329757,0.0,1.302775,0.075813,0.022191,1.204771,0.5,0.49999999999954525,0.7000000000005002,0.08187847414914756,1.1987055258508523,1.2000000000000455
forward,GBP_JPY,DOWN,2026-09-03 12:05:00,2026-09-03 15:35:00,SL_INITIAL_NO_TP,0.386466,0.0,1.928297,0.075039,0.022035,1.831223,0.7,0.9000000000014552,0.9000000000014552,0.08538914160632269,1.8208728583936773,1.2857142857163646
forward,EUR_JPY,DOWN,2026-09-03 16:05:00,2026-09-03 16:35:00,SL_INITIAL_NO_TP,0.780467,0.0,-1.0,0.032032,0.009311,-1.041343,0.5,1.5999999999991132,0.49999999999954525,0.046126229552289316,-1.0554372295522894,2.0999999999986585
forward,GBP_JPY,DOWN,2026-09-03 16:05:00,2026-09-03 16:35:00,SL_INITIAL_NO_TP,0.92513,0.0,-1.0,0.031347,0.009132,-1.040479,0.7,2.000000000001023,0.9000000000014552,0.04756088333534182,-1.0566928833353417,2.0714285714303418
forward,EUR_JPY,DOWN,2026-09-03 18:05:00,2026-09-03 18:55:00,SL_INITIAL_NO_TP,0.381337,0.0,1.093151,0.065559,0.019074,1.008518,0.5,0.6000000000000227,0.6000000000000227,0.07080351500116815,1.0032734849988318,1.2000000000000455
forward,GBP_JPY,DOWN,2026-09-03 18:05:00,2026-09-03 18:55:00,SL_INITIAL_NO_TP,0.366707,0.0,1.505677,0.079082,0.023074,1.403521,0.7,0.899999999998613,0.9000000000014552,0.08999010108888209,1.3926128989111177,1.2857142857143344
forward,GBP_JPY,DOWN,2026-09-03 19:00:00,2026-09-03 20:25:00,SL_INITIAL_NO_TP,0.368461,0.0,0.980594,0.078706,0.022896,0.878992,0.7,0.9000000000014552,1.5999999999991132,0.10855965760285535,0.8491383423971446,1.785714285714692
forward,EUR_JPY,DOWN,2026-09-03 20:10:00,2026-09-03 21:35:00,SL_INITIAL_NO_TP,0.357244,0.0,0.463557,0.06998,0.020281,0.373295,0.5,1.4000000000010004,1.4999999999986358,0.12316511963810829,0.3201108803618917,2.899999999999636
forward,GBP_JPY,DOWN,2026-09-03 21:05:00,2026-09-03 21:30:00,SL_INITIAL_NO_TP,0.240944,0.0,1.288027,0.12036,0.03496,1.132707,0.7,0.9000000000014552,1.2000000000000455,0.14941231157453602,1.1036546884254639,1.500000000001072
forward,EUR_JPY,DOWN,2026-09-03 22:15:00,2026-09-04 00:05:00,SL_INITIAL_NO_TP,0.272827,0.0,0.737451,0.091633,0.026516,0.619301,0.5,0.8000000000009777,0.49999999999954525,0.10262913861166685,0.6083058613883331,1.300000000000523
forward,GBP_JPY,DOWN,2026-09-03 23:25:00,2026-09-03 23:35:00,SL_INITIAL_NO_TP,0.131951,0.0,-1.0,0.219779,0.063707,-1.283485,0.7,0.9000000000014552,1.1000000000024102,0.2652499791592231,-1.328956979159223,1.4285714285741897
forward,USD_JPY,DOWN,2026-09-08 08:05:00,2026-09-08 08:25:00,SL_INITIAL_NO_TP,0.174887,0.0,0.863904,0.120077,0.035234,0.708593,0.3,1.4000000000010004,1.4000000000010004,0.24587304945490523,0.5827969505450947,4.666666666670002
forward,EUR_JPY,DOWN,2026-09-08 08:05:00,2026-09-08 08:25:00,SL_INITIAL_NO_TP,0.179184,0.0,0.846269,0.139521,0.039984,0.666764,0.5,2.7000000000015234,2.7000000000015234,0.3850790249131087,0.42120597508689134,5.400000000003047
forward,GBP_JPY,DOWN,2026-09-08 08:10:00,2026-09-08 09:35:00,SL_INITIAL_NO_TP,0.221332,0.0,2.258963,0.131025,0.037697,2.090241,0.7,4.699999999999704,0.9999999999990905,0.32530316447684,1.89596283552316,4.0714285714277105
forward,USD_JPY,DOWN,2026-09-08 08:35:00,2026-09-08 08:50:00,SL_INITIAL_NO_TP,0.095291,0.0,0.439623,0.220377,0.064652,0.154594,0.3,1.3999999999981583,1.4000000000010004,0.4512493309965431,-0.07627833099654309,4.6666666666652645
forward,EUR_JPY,DOWN,2026-09-08 08:40:00,2026-09-08 09:35:00,SL_INITIAL_NO_TP,0.210049,0.0,1.689619,0.11902,0.034085,1.536515,0.5,3.1999999999982265,0.6000000000000227,0.25232207722951544,1.4032119227704847,3.7999999999982492
forward,USD_JPY,DOWN,2026-09-08 08:55:00,2026-09-08 09:35:00,SL_INITIAL_NO_TP,0.262958,0.0,0.732648,0.079861,0.023401,0.629387,0.3,1.4000000000010004,0.49999999999954525,0.12929821492407706,0.5799487850759228,3.1666666666675765
forward,USD_JPY,DOWN,2026-09-08 09:50:00,2026-09-08 10:40:00,SL_INITIAL_NO_TP,0.215444,0.0,0.721888,0.097473,0.028534,0.595881,0.3,0.5000000000023874,0.6000000000000227,0.12068101223530987,0.5726729877646901,1.8333333333373503
forward,EUR_JPY,DOWN,2026-09-08 09:50:00,2026-09-08 10:40:00,SL_INITIAL_NO_TP,0.210152,0.0,0.602114,0.118962,0.034013,0.449139,0.5,0.49999999999954525,1.2000000000000455,0.15227073737102623,0.41583026262897377,1.6999999999995907
forward,GBP_JPY,DOWN,2026-09-08 09:50:00,2026-09-08 10:40:00,SL_INITIAL_NO_TP,0.232517,0.0,0.813177,0.124722,0.035811,0.652644,0.7,0.9000000000014552,1.500000000001478,0.16772967137899306,0.6096363286210069,1.7142857142878094
forward,USD_JPY,DOWN,2026-09-08 11:05:00,2026-09-08 11:30:00,SL_INITIAL_NO_TP,0.211641,0.0,0.598421,0.099225,0.028961,0.470235,0.3,0.5000000000023874,0.49999999999954525,0.11812455998610537,0.4513354400138946,1.666666666669888
forward,EUR_JPY,DOWN,2026-09-08 11:05:00,2026-09-08 11:30:00,SL_INITIAL_NO_TP,0.243285,0.0,0.754877,0.10276,0.029308,0.622809,0.5,0.9999999999990905,0.6000000000000227,0.12742257023651737,0.5981464297634826,1.5999999999991132
forward,GBP_JPY,DOWN,2026-09-08 11:05:00,2026-09-08 11:30:00,SL_INITIAL_NO_TP,0.328216,0.0,0.610004,0.088356,0.025295,0.496353,0.7,1.099999999999568,0.9000000000014552,0.10663709264633726,0.47807190735366273,1.4285714285721596
forward,USD_JPY,DOWN,2026-09-11 23:05:00,2026-09-11 23:30:00,SL_INITIAL_NO_TP,0.20293,0.0,-1.0,0.103484,0.030244,-1.133728,0.3,0.49999999999954525,0.49999999999954525,0.12319519045971963,-1.1534391904597197,1.6666666666651508
forward,USD_JPY,UP,2026-09-17 05:20:00,2026-09-17 08:10:00,SL_INITIAL_NO_TP,0.183019,0.0,-1.0,0.114742,0.034177,-1.148919,0.3,0.49999999999954525,1.3999999999981583,0.1857730618131289,-1.2199500618131287,3.1666666666628394
forward,GBP_JPY,DOWN,2026-09-23 21:30:00,2026-09-23 22:35:00,SL_INITIAL_NO_TP,0.18128,0.0,-1.0,0.159973,0.046238,-1.206212,0.7,0.899999999998613,1.099999999999568,0.19307149161508058,-1.2393094916150806,1.4285714285701294
forward,USD_JPY,UP,2026-09-23 23:55:00,2026-09-24 05:55:00,SL_INITIAL_NO_TP,0.225835,0.0,0.884981,0.092988,0.028018,0.763974,0.3,0.6000000000000227,9.999999999999432,0.5357894037682137,0.3211735962317863,17.66666666666576
forward,GBP_JPY,DOWN,2026-09-24 02:05:00,2026-09-24 02:30:00,SL_INITIAL_NO_TP,0.173005,0.0,-1.0,0.167625,0.048427,-1.216052,0.7,0.899999999998613,0.899999999998613,0.19074593219833103,-1.2391729321983311,1.2857142857123045
forward,GBP_JPY,DOWN,2026-09-24 09:05:00,2026-09-24 09:45:00,SL_INITIAL_NO_TP,0.034083,0.0,7.865918,0.850873,0.246026,6.76902,0.7,0.899999999998613,0.9000000000014552,0.9682246281137423,6.651667371886258,1.2857142857143344
forward,GBP_JPY,DOWN,2026-09-24 11:25:00,2026-09-24 11:45:00,SL_INITIAL_NO_TP,0.185501,0.0,-1.0,0.156334,0.045032,-1.201365,0.7,0.9000000000014552,0.899999999998613,0.17789661511259067,-1.2229286151125907,1.2857142857143344
forward,USD_JPY,UP,2026-09-24 15:05:00,2026-09-24 15:50:00,SL_INITIAL_NO_TP,0.04292,0.0,6.176453,0.489278,0.14741,5.539765,0.3,0.49999999999954525,0.5000000000023874,0.5824790307553431,5.446563969244657,1.666666666669888
forward,USD_JPY,UP,2026-09-24 17:05:00,2026-09-24 17:35:00,SL_INITIAL_NO_TP,0.126299,0.0,1.374617,0.166272,0.050099,1.158246,0.3,0.49999999999954525,0.49999999999954525,0.19794297658723273,1.1265750234127674,1.6666666666651508
forward,USD_JPY,UP,2026-09-24 17:45:00,2026-09-24 18:30:00,SL_INITIAL_NO_TP,0.171061,0.0,1.26977,0.122764,0.037049,1.109958,0.3,0.5000000000023874,0.49999999999954525,0.14614669620789852,1.0865743037921014,1.666666666669888
forward,USD_JPY,UP,2026-09-24 18:35:00,2026-09-24 20:55:00,SL_INITIAL_NO_TP,0.137985,0.0,0.797892,0.152191,0.046014,0.599687,0.3,0.49999999999954525,0.49999999999954525,0.18117911367171,0.57069888632829,1.6666666666651508
forward,USD_JPY,UP,2026-09-24 23:10:00,2026-09-24 23:50:00,SL_INITIAL_NO_TP,0.140356,0.0,0.62965,0.149619,0.045243,0.434788,0.3,0.49999999999954525,0.49999999999954525,0.17811849867473356,0.4062885013252665,1.6666666666651508
forward,USD_JPY,UP,2026-09-24 23:55:00,2026-09-25 00:35:00,SL_INITIAL_NO_TP,0.127127,0.0,0.356251,0.16519,0.049997,0.141065,0.3,0.49999999999954525,0.49999999999954525,0.19665373996075505,0.10960026003924493,1.6666666666651508
